scenario,backend,trial,role,thread_id,capacity,num_consumers,ratio,ok_ops,fail_ops,window_ns,throughput_ops_s,fail_rate_pct,lat_p50_ns,lat_p99_ns,lat_max_ns,fail_lat_p50_ns,fail_lat_p99_ns,payload_bytes
cmp_fanout_4consumers,spmc,0,producer,0,8,2,max,13833395,4454240,1000460292,13827030.528463991,24.356566609077664,83.33333333333333,209,69292,83,125,8
cmp_fanout_4consumers,spmc,0,consumer,0,8,2,max,13833392,7402462,1000453250,13827124.855659172,34.85832027287435,97.33333333333333,250,100333,83,125,8
cmp_fanout_4consumers,spmc,0,consumer,1,8,2,max,13833392,7283284,1000460291,13827027.543664899,34.49067457397177,97.33333333333333,250,84917,83,125,8
cmp_fanout_4consumers,spmc,1,producer,0,8,2,max,14248926,3883879,1004994166,14178118.124518545,21.419074434429753,83.2,209,135917,42,125,8
cmp_fanout_4consumers,spmc,1,consumer,0,8,2,max,14248928,10662115,1004991541,14178157.147294834,42.800757077895135,104,250,172166,83,125,8
cmp_fanout_4consumers,spmc,1,consumer,1,8,2,max,14248929,10592704,1004987750,14178211.624967568,42.6409326633237,104,250,298541,83,125,8
cmp_fanout_4consumers,spmc,2,producer,0,8,2,max,14219046,3876166,1004998917,14148319.72401021,21.42094825968328,83.25,209,445542,42,125,8
cmp_fanout_4consumers,spmc,2,consumer,0,8,2,max,14219046,10569909,1005004083,14148246.997718913,42.63959089844651,104,250,291500,83,125,8
cmp_fanout_4consumers,spmc,2,consumer,1,8,2,max,14219047,10585782,1005005500,14148228.044523139,42.67629500691176,104.5,250,445583,83,125,8
cmp_fanout_4consumers,spmc,3,producer,0,8,2,max,14089737,4377291,1005003459,14019590.553468931,23.703278080262834,83.28571428571429,209,334166,42,125,8
cmp_fanout_4consumers,spmc,3,consumer,0,8,2,max,14089741,10016469,1004997083,14019683.478026573,41.55140521882121,104,250,332542,83,125,8
cmp_fanout_4consumers,spmc,3,consumer,1,8,2,max,14089741,8261427,1004996250,14019695.098364795,36.96194758144183,104,250,605375,83,125,8
cmp_fanout_4consumers,spmc,4,producer,0,8,2,max,14067802,3820636,1005007709,13997705.563868465,21.358130877609323,83.25,209,136494.75,42,125,8
cmp_fanout_4consumers,spmc,4,consumer,0,8,2,max,14067801,10603459,1005011500,13997651.768163847,42.97899256057453,104,250,318875,83,125,8
cmp_fanout_4consumers,spmc,4,consumer,1,8,2,max,14067801,10512965,1005008334,13997695.863883255,42.769069930530236,104.5,250,308625,83,125,8
cmp_fanout_4consumers,sync,0,producer,0,8,2,max,161546,8579,1003800958,160934.29550203716,5.042762674504042,6131.75390625,8648.35546875,13722.222222222223,292,1458,8
cmp_fanout_4consumers,sync,0,consumer,0,8,2,max,161546,4991840,1003772958,160938.7847246628,96.8652454910228,5458,26500,807292,167,959,8
cmp_fanout_4consumers,sync,0,consumer,1,8,2,max,161546,5921565,1003767292,160939.69318139527,97.34435225660029,5458,26500,375875,166,292,8
cmp_fanout_4consumers,sync,1,producer,0,8,2,max,156772,17728,1005000750,155991.9233891119,10.159312320916905,6336.743362831859,7825.62962962963,8887.79460580913,250,1083,8
cmp_fanout_4consumers,sync,1,consumer,0,8,2,max,156772,3880195,1005001250,155991.84578128633,96.11658950890607,5750,25708,1036250,209,1000,8
cmp_fanout_4consumers,sync,1,consumer,1,8,2,max,156772,5742511,1004995416,155992.751314201,97.34252450679176,5708,25708,438250,167,292,8
cmp_fanout_4consumers,sync,2,producer,0,8,2,max,156763,10448,1004971667,155987.48218242056,6.248392749280849,6413.818359375,7623.861328125,12318.8202247191,250,1291,8
cmp_fanout_4consumers,sync,2,consumer,0,8,2,max,156763,4995510,1004964584,155988.58158368693,96.9574011315006,5542,26417,697208,167,1000,8
cmp_fanout_4consumers,sync,2,consumer,1,8,2,max,156763,5855522,1004964833,155988.5429344173,97.39262193991136,5541,26416,544375,166,292,8
cmp_fanout_4consumers,sync,3,producer,0,8,2,max,191105,13604,1004988000,190156.49938108714,6.645530973235178,5157.794921875,6513.871794871795,7209.228515625,292,1500,8
cmp_fanout_4consumers,sync,3,consumer,0,8,2,max,191105,3686209,1004980833,190157.85547822484,95.07120135227635,5584,20333,504167,209,1042,8
cmp_fanout_4consumers,sync,3,consumer,1,8,2,max,191105,4509752,1004979750,190158.06039872943,95.93467744285776,5583,20334,575500,208,375,8
cmp_fanout_4consumers,sync,4,producer,0,8,2,max,155747,7139,1002033667,155430.90529711713,4.382819886300848,6196.615234375,9024.33203125,9742.537313432837,291,1000,8
cmp_fanout_4consumers,sync,4,consumer,0,8,2,max,155747,2889294,1002028833,155431.65512883,94.88522486232533,5291,33708,426166,291,1084,8
cmp_fanout_4consumers,sync,4,consumer,1,8,2,max,155747,5119290,1002035042,155430.69201366312,97.04747094664928,5333,33750,319000,208,292,8
cmp_uneven_consumer_speeds,spmc,0,producer,0,64,2,balanced,2000695,2003196,1000973083,1998750.0503047993,50.03123211895628,500,584,26333,84,333,8
cmp_uneven_consumer_speeds,spmc,0,consumer,0,64,2,balanced,2000650,1290,1000970750,1998709.7525077532,0.06443749562923963,499.91796875,500.08203125,3583,500,542,8
cmp_uneven_consumer_speeds,spmc,0,consumer,1,64,2,balanced,2000651,1289,1000970583,1998711.0849989883,0.06438754408224022,499.91796875,500,992.1875,500,541,8
cmp_uneven_consumer_speeds,spmc,1,producer,0,64,2,balanced,2007761,2012214,1004994334,1997783.4024286151,50.055385916579084,542,708,44167,208,334,8
cmp_uneven_consumer_speeds,spmc,1,consumer,0,64,2,balanced,2007718,2261,1004990083,1997749.0663457622,0.11248873744452058,499.91796875,502.1593625498008,13958,500,542,8
cmp_uneven_consumer_speeds,spmc,1,consumer,1,64,2,balanced,2007717,2275,1004996584,1997735.148520664,0.11318453008768194,499.919921875,501.953125,1258.7890625,500,542,8
cmp_uneven_consumer_speeds,spmc,2,producer,0,64,2,balanced,2007173,2012812,1004996667,1997193.688205535,50.07013707762591,520.5,791,27792,250,250,8
cmp_uneven_consumer_speeds,spmc,2,consumer,0,64,2,balanced,2007129,2866,1004998125,1997147.0096026298,0.14258741937168998,499.919921875,501.4367816091954,1119.140625,500,542,8
cmp_uneven_consumer_speeds,spmc,2,consumer,1,64,2,balanced,2007130,2852,1004991584,1997161.0030915444,0.14189181793667804,499.919921875,501.25753424657535,1106.4453125,500,542,8
cmp_uneven_consumer_speeds,spmc,3,producer,0,64,2,balanced,2008756,2011187,1004986042,1998789.9493632966,50.030236747137955,521,792,6125,250,292,8
cmp_uneven_consumer_speeds,spmc,3,consumer,0,64,2,balanced,2008713,1266,1004990125,1998739.0423363612,0.06298573268675942,499.91796875,500,1050.78125,500,583,8
cmp_uneven_consumer_speeds,spmc,3,consumer,1,64,2,balanced,2008712,1271,1004992125,1998734.0696823867,0.0632343656637892,499.91796875,500,1050.78125,500,542,8
cmp_uneven_consumer_speeds,spmc,4,producer,0,64,2,balanced,2000728,2002162,1000723000,1999282.5187389518,50.0179120585377,542,750,37333,250,334,8
cmp_uneven_consumer_speeds,spmc,4,consumer,0,64,2,balanced,2000684,766,1000725584,1999233.3882412263,0.03827225261685278,499.919921875,500.244140625,22541,500,583,8
cmp_uneven_consumer_speeds,spmc,4,consumer,1,64,2,balanced,2000683,774,1000729084,1999225.3967508352,0.03867182757361262,499.919921875,500.244140625,12000,500,542,8
cmp_uneven_consumer_speeds,sync,0,producer,0,64,2,balanced,2007877,2012126,1005003042,1997881.5148700813,50.052848219267496,500,875,39709,250,459,8
cmp_uneven_consumer_speeds,sync,0,consumer,0,64,2,balanced,2007814,2193,1005004083,1997816.7591185796,0.10910409764742113,499.91796875,688.640625,16542,500,625,8
cmp_uneven_consumer_speeds,sync,0,consumer,1,64,2,balanced,2007814,2182,1004998625,1997827.6089681217,0.10855742996503474,499.91796875,625,9000,500,625,8
cmp_uneven_consumer_speeds,sync,1,producer,0,64,2,balanced,2005815,2009202,1003760125,1998301.137933727,50.04217914893013,541,834,31417,292,416,8
cmp_uneven_consumer_speeds,sync,1,consumer,0,64,2,balanced,2005752,1779,1003766083,1998226.513098869,0.08861631526487013,499.91796875,875,258083,500,625,8
cmp_uneven_consumer_speeds,sync,1,consumer,1,64,2,balanced,2005752,1777,1003765042,1998228.5854501794,0.08851677858700921,499.91796875,771,257542,500,625,8
cmp_uneven_consumer_speeds,sync,2,producer,0,64,2,balanced,1950689,323988,1004351625,1942237.1124256407,14.243252998117976,505.85714285714283,708,25417,125,334,8
cmp_uneven_consumer_speeds,sync,2,consumer,0,64,2,balanced,1950626,58062,1004344541,1942188.0842383152,2.8905434791266735,750,2111.3333333333335,93042,375,1417,8
cmp_uneven_consumer_speeds,sync,2,consumer,1,64,2,balanced,1950627,58075,1004351583,1942175.4622753456,2.8911705170801842,729.5,1666,93270.5,458,708,8
cmp_uneven_consumer_speeds,sync,3,producer,0,64,2,balanced,1767131,566641,1004988250,1758359.8614212654,24.280049636382646,510.25,917,35083,125,375,8
cmp_uneven_consumer_speeds,sync,3,consumer,0,64,2,balanced,1767131,242815,1004973584,1758385.5219024343,12.080672814095502,1791,15542,599125,458,1834,8
cmp_uneven_consumer_speeds,sync,3,consumer,1,64,2,balanced,1767131,242817,1004974625,1758383.70048398,12.080760298276374,1833,15333,137916,459,792,8
cmp_uneven_consumer_speeds,sync,4,producer,0,64,2,balanced,1915752,67187,1005017458,1906187.78285939,3.388253496451479,501.13513513513516,583.3333333333334,27500,166,417,8
cmp_uneven_consumer_speeds,sync,4,consumer,0,64,2,balanced,1915740,94291,1005016000,1906178.6081017617,4.691022178264912,750,5125,230334,417,1625,8
cmp_uneven_consumer_speeds,sync,4,consumer,1,64,2,balanced,1915689,94294,1005017709,1906124.6213324186,4.691283458616317,750,4152.666666666667,244958,416,1417,8
cmp_tiny_capacity_high_contention,spmc,0,producer,0,4,2,max,8431729,7349440,1004993042,8389838.185566263,46.570947944350635,166,209,131614.5,42,125,8
cmp_tiny_capacity_high_contention,spmc,0,consumer,0,4,2,max,8431731,12154434,1005000916,8389774.442752846,59.041759356344414,166,270.75,179875,83,125,8
cmp_tiny_capacity_high_contention,spmc,0,consumer,1,4,2,max,8431731,12129936,1004993916,8389832.879346505,58.99296005523288,166,250,128916.5,83,125,8
cmp_tiny_capacity_high_contention,spmc,1,producer,0,4,2,max,8776951,7252965,1004999917,8733285.298370825,45.24643173426486,166,209,292364.5,42,84,8
cmp_tiny_capacity_high_contention,spmc,1,consumer,0,4,2,max,8776953,12222810,1004996375,8733318.067938305,58.204514022372535,166,209,584625,83,125,8
cmp_tiny_capacity_high_contention,spmc,1,consumer,1,4,2,max,8776953,12147198,1004993458,8733343.41645038,58.053480879582644,166,209,873500,83,125,8
cmp_tiny_capacity_high_contention,spmc,2,producer,0,4,2,max,8762457,7227193,1004992667,8718926.304364767,45.199194478928554,166,209,358385.5,42,84,8
cmp_tiny_capacity_high_contention,spmc,2,consumer,0,4,2,max,8762458,12170547,1004985833,8718986.588938314,58.140467649054685,166,209,387917,83,125,8
cmp_tiny_capacity_high_contention,spmc,2,consumer,1,4,2,max,8762458,12211611,1004989958,8718950.801695473,58.22242217282684,166,209,363583,83,125,8
cmp_tiny_capacity_high_contention,spmc,3,producer,0,4,2,max,8725400,7291869,1002287750,8705484.028912855,45.5250454993295,166,209,851083,42,84,8
cmp_tiny_capacity_high_contention,spmc,3,consumer,0,4,2,max,8725401,12133184,1002282625,8705529.540632315,58.16877798757682,166,209,577709,83,125,8
cmp_tiny_capacity_high_contention,spmc,3,consumer,1,4,2,max,8725400,12179092,1002286625,8705493.800239028,58.26064560669544,166,209,851000,83,125,8
cmp_tiny_capacity_high_contention,spmc,4,producer,0,4,2,max,8745726,7215378,1005006750,8702156.478053506,45.20600830619235,166,209,275177,42,125,8
cmp_tiny_capacity_high_contention,spmc,4,consumer,0,4,2,max,8745724,12337543,1005000667,8702207.159828681,58.518174626351794,166,209,310833,83,125,8
cmp_tiny_capacity_high_contention,spmc,4,consumer,1,4,2,max,8745724,12278741,1004999333,8702218.71082575,58.402156725510025,166,209,366861,83,125,8
cmp_tiny_capacity_high_contention,sync,0,producer,0,4,2,max,220134,13016,1005031375,219031.96803184377,5.582672099506755,4494.373015873016,6334.716666666666,16058.4,334,6125,8
cmp_tiny_capacity_high_contention,sync,0,consumer,0,4,2,max,220134,3165886,1004993125,219040.30438019166,93.49873893243395,5417,15833,428292,250,1000,8
cmp_tiny_capacity_high_contention,sync,0,consumer,1,4,2,max,220134,3888232,1004986666,219041.71214148228,94.64181136734166,5416,15833,375166,250,417,8
cmp_tiny_capacity_high_contention,sync,1,producer,0,4,2,max,368485,16029,1004990958,366655.0400944005,4.168638853201704,2764.072847682119,5272.862745098039,10292,333,5833,8
cmp_tiny_capacity_high_contention,sync,1,consumer,0,4,2,max,368485,2960564,1004993958,366653.94559516344,88.93122330130917,1125,11125,347792,250,1000,8
cmp_tiny_capacity_high_contention,sync,1,consumer,1,4,2,max,368485,3408656,1004996584,366652.9875488612,90.2443408916956,1125,11125,330458,250,417,8
cmp_tiny_capacity_high_contention,sync,2,producer,0,4,2,max,260156,13263,1004998125,258862.17449410664,4.850796762478101,3873.076923076923,5027.310344827586,7363.75,292,5584,8
cmp_tiny_capacity_high_contention,sync,2,consumer,0,4,2,max,260156,3067883,1004996792,258862.5178417485,92.1829041065925,2833,13125,385667,250,1042,8
cmp_tiny_capacity_high_contention,sync,2,consumer,1,4,2,max,260156,3684882,1004993625,258863.3335858225,93.40548810936676,2833,13166,365125,250,417,8
cmp_tiny_capacity_high_contention,sync,3,producer,0,4,2,max,253578,14402,1004086917,252545.86600693653,5.374281662810657,3970.1646090534978,5352.112676056338,9767.857142857143,333,5500,8
cmp_tiny_capacity_high_contention,sync,3,consumer,0,4,2,max,253578,3098618,1004091083,252544.8181875747,92.43546618395821,3334,12667,376917,250,1042,8
cmp_tiny_capacity_high_contention,sync,3,consumer,1,4,2,max,253578,3828206,1004083667,252546.68344286492,93.78756935692824,3333,12583,336250,250,417,8
cmp_tiny_capacity_high_contention,sync,4,producer,0,4,2,max,244083,12724,1005012125,242865.7266199649,4.954693602588715,4155.35546875,5262.212121212121,7006.779069767442,333,5750,8
cmp_tiny_capacity_high_contention,sync,4,consumer,0,4,2,max,244083,3101736,1005007833,242866.76380561106,92.70483549767636,5083,12625,308541,250,1042,8
cmp_tiny_capacity_high_contention,sync,4,consumer,1,4,2,max,244083,3885498,1005002458,242868.06271671824,94.08940035320774,5000,12542,330875,250,417,8
cmp_slowest_consumer_gates,spmc,0,producer,0,4,2,max,8771933,7213015,1005001833,8728275.622956004,45.12379395916709,166,209,278239.5,42,125,8
cmp_slowest_consumer_gates,spmc,0,consumer,0,4,2,max,8771934,12365057,1004996208,8728325.470457895,58.49960857720949,166,209,1112750,83,125,8
cmp_slowest_consumer_gates,spmc,0,consumer,1,4,2,max,8771934,12246607,1004994959,8728336.31795361,58.265733097268736,166,209,673167,83,125,8
cmp_slowest_consumer_gates,spmc,1,producer,0,4,2,max,8760384,7258241,1004994917,8716844.087282086,45.31126111011401,166,209,301167,42,125,8
cmp_slowest_consumer_gates,spmc,1,consumer,0,4,2,max,8760385,12102847,1004996291,8716833.16490966,58.01041276826141,166,209,676500,83,125,8
cmp_slowest_consumer_gates,spmc,1,consumer,1,4,2,max,8760385,12203423,1004993834,8716854.475745969,58.2118620815455,166,209,301083,83,125,8
cmp_slowest_consumer_gates,spmc,2,producer,0,4,2,max,8704268,7309466,1004986833,8661076.65711079,45.64498198858555,166,209,1098073,42,125,8
cmp_slowest_consumer_gates,spmc,2,consumer,0,4,2,max,8704267,12200947,1004995416,8661001.693563944,58.36317676537538,166,209,1174958,83,125,8
cmp_slowest_consumer_gates,spmc,2,consumer,1,4,2,max,8704266,12217585,1004987916,8661065.333645266,58.39629103562586,166,209,1098052,83,125,8
cmp_slowest_consumer_gates,spmc,3,producer,0,4,2,max,8834812,7197864,1000866083,8827166.940774433,44.89496326127965,166,209,1082625,42,84,8
cmp_slowest_consumer_gates,spmc,3,consumer,0,4,2,max,8834813,11980942,1000869458,8827138.174097426,57.55708596685539,166,209,462584,83,125,8
cmp_slowest_consumer_gates,spmc,3,consumer,1,4,2,max,8834813,12002473,1000867833,8827152.50575947,57.60094188849738,166,209,1082667,83,125,8
cmp_slowest_consumer_gates,spmc,4,producer,0,4,2,max,8823126,7154381,1004985084,8779360.152175155,44.777830483817034,166,209,229760.5,42,125,8
cmp_slowest_consumer_gates,spmc,4,consumer,0,4,2,max,8823127,12271875,1004985834,8779354.595360396,58.17432489458878,166,209,326667,83,125,8
cmp_slowest_consumer_gates,spmc,4,consumer,1,4,2,max,8823126,12237628,1004994375,8779278.988501802,58.106314712189324,166,209,296375,83,125,8
cmp_slowest_consumer_gates,sync,0,producer,0,4,2,max,180751,20447,1004577333,179927.41231799225,10.162625871032516,5486.227467811159,7298.805714285714,25323.529411764706,292,2417,8
cmp_slowest_consumer_gates,sync,0,consumer,0,4,2,max,180751,4727894,1004583042,179926.38979864444,96.31770070966631,5500,21167,1129417,167,959,8
cmp_slowest_consumer_gates,sync,0,consumer,1,4,2,max,180751,5779808,1004575416,179927.75566787313,96.96754952010373,5500,21208,381042,166,292,8
cmp_slowest_consumer_gates,sync,1,producer,0,4,2,max,179795,13464,1005000834,178900.34905184965,6.966816551881154,5535.80859375,7182.851239669421,14073.73076923077,292,5500,8
cmp_slowest_consumer_gates,sync,1,consumer,0,4,2,max,179794,4764814,1005007000,178898.25643005472,96.36383713329752,5500,21208,638458,167,959,8
cmp_slowest_consumer_gates,sync,1,consumer,1,4,2,max,179795,5783105,1005006042,178899.42197979343,96.98477251002029,5500,21167,437792,166,292,8
cmp_slowest_consumer_gates,sync,2,producer,0,4,2,max,180148,14887,1004970458,179257.0105578168,7.632988950701155,5481.940886699507,7455.75,18288.194444444445,292,5417,8
cmp_slowest_consumer_gates,sync,2,consumer,0,4,2,max,180148,4757388,1004963750,179258.20707463328,96.35145951340913,5500,21250,660791,167,958,8
cmp_slowest_consumer_gates,sync,2,consumer,1,4,2,max,180148,5768297,1004957542,179259.31441987227,96.97151104196139,5500,21250,504458,166,292,8
cmp_slowest_consumer_gates,sync,3,producer,0,4,2,max,177085,16391,1001368000,176843.07866838164,8.471851805908743,5559.322033898305,7710.9375,15750,292,5500,8
cmp_slowest_consumer_gates,sync,3,consumer,0,4,2,max,177085,4762267,1001363167,176843.93218749177,96.41481311718623,5541,21500,615416,167,958,8
cmp_slowest_consumer_gates,sync,3,consumer,1,4,2,max,177085,5730797,1001359250,176844.62394490288,97.00256369372306,5542,21541,300458,167,292,8
cmp_slowest_consumer_gates,sync,4,producer,0,4,2,max,177737,63222,1004990500,176854.40807649426,26.23765868882258,5519.466666666666,7520.818181818182,239588.11538461538,125,1000,8
cmp_slowest_consumer_gates,sync,4,consumer,0,4,2,max,177737,4761613,1004998500,176853.00027810986,96.4016115480782,5542,21292,6130250,167,958,8
cmp_slowest_consumer_gates,sync,4,consumer,1,4,2,max,177737,5686356,1004999791,176852.77309674583,96.96906239379219,5542,21334,1527729.25,167,292,8
cmp_wrap_around_sustained,spmc,0,producer,0,1024,2,balanced,2003618,2001630,1001346041,2000924.673351757,49.975182560480654,542,750,19792,209,292,8
cmp_wrap_around_sustained,spmc,0,consumer,0,1024,2,balanced,2002635,0,1001318083,1999998.8355348618,0,499.91796875,500,525.064453125,,,8
cmp_wrap_around_sustained,spmc,0,consumer,1,1024,2,balanced,2002624,0,1001312625,1999998.7516386304,0,499.91796875,500,532.958984375,,,8
cmp_wrap_around_sustained,spmc,1,producer,0,1024,2,balanced,2003276,2001222,1001136042,2001002.7768034346,49.97435383910792,521,792,64708,208,292,8
cmp_wrap_around_sustained,spmc,1,consumer,0,1024,2,balanced,2002273,0,1001137166,1999998.6695129846,0,499.91796875,500,543.048828125,,,8
cmp_wrap_around_sustained,spmc,1,consumer,1,1024,2,balanced,2002285,0,1001143125,1999998.7514272747,0,499.919921875,500.08203125,574.13671875,,,8
cmp_wrap_around_sustained,spmc,2,producer,0,1024,2,balanced,2002924,2000939,1000966250,2000990.5428879345,49.975211439552254,520.5,791,71917,250,291,8
cmp_wrap_around_sustained,spmc,2,consumer,0,1024,2,balanced,2001919,0,1000960334,1999998.3336003004,0,499.919921875,500,578.20703125,,,8
cmp_wrap_around_sustained,spmc,2,consumer,1,1024,2,balanced,2001920,0,1000960583,1999998.835118965,0,499.91796875,500,598.958984375,,,8
cmp_wrap_around_sustained,spmc,3,producer,0,1024,2,balanced,2010214,2008217,1004608250,2000992.9243563348,49.9751519934024,542,584,37792,208,333,8
cmp_wrap_around_sustained,spmc,3,consumer,0,1024,2,balanced,2009223,0,1004612084,1999998.8373621833,0,499.919921875,500,543.865234375,,,8
cmp_wrap_around_sustained,spmc,3,consumer,1,1024,2,balanced,2009214,0,1004607584,1999998.8373569753,0,499.919921875,500,577.9609375,,,8
cmp_wrap_around_sustained,spmc,4,producer,0,1024,2,balanced,2010999,2008999,1004999791,2000994.4459779495,49.975124365733514,500,584,13167,209,333,8
cmp_wrap_around_sustained,spmc,4,consumer,0,1024,2,balanced,2009995,0,1004998125,1999998.756216585,0,499.919921875,500,508.626953125,,,8
cmp_wrap_around_sustained,spmc,4,consumer,1,1024,2,balanced,2009994,0,1004997542,1999998.9213903968,0,499.919921875,500,551.26953125,,,8
cmp_wrap_around_sustained,sync,0,producer,0,1024,2,balanced,2010956,1340898,1005021125,2000909.184869124,40.00466607435765,514,708,29625,167,292,8
cmp_wrap_around_sustained,sync,0,consumer,0,1024,2,balanced,2009977,40,1005009083,1999959.0391761663,0.001990032920119581,499.91796875,500.1640625,6166,458,708,8
cmp_wrap_around_sustained,sync,0,consumer,1,1024,2,balanced,2009977,37,1005007625,1999961.9405872666,0.0018407831985249854,499.91796875,500.326171875,1583,250,417,8
cmp_wrap_around_sustained,sync,1,producer,0,1024,2,balanced,1997445,853042,1005014041,1987479.695320993,29.926184543202616,513.6666666666666,750,33625,125,333,8
cmp_wrap_around_sustained,sync,1,consumer,0,1024,2,balanced,1996453,13560,1005007083,1986506.3975872498,0.6746225024415264,499.91796875,511.474609375,3361396,500,666,8
cmp_wrap_around_sustained,sync,1,consumer,1,1024,2,balanced,1996453,13577,1005015584,1986489.5945732917,0.6754625552852445,499.91796875,502.4291666666667,3365146,500,708,8
cmp_wrap_around_sustained,sync,2,producer,0,1024,2,balanced,2005863,542036,1005027084,1995829.795965976,21.273841702516467,510.5,833,51625,125,333,8
cmp_wrap_around_sustained,sync,2,consumer,0,1024,2,balanced,2004887,5173,1005030541,1994851.8161499333,0.2573555018258161,499.91796875,9917,92333,417,2125,8
cmp_wrap_around_sustained,sync,2,consumer,1,1024,2,balanced,2004887,5176,1005032083,1994848.755489928,0.2575043667785537,499.91796875,10459,92042,458,2083,8
cmp_wrap_around_sustained,sync,3,producer,0,1024,2,balanced,2011038,1116091,1005018458,2000996.085188318,35.690596710273226,513.8333333333334,708,16250,208,292,8
cmp_wrap_around_sustained,sync,3,consumer,0,1024,2,balanced,2010029,0,1005015084,1999998.8378283882,0,499.91796875,500.244140625,588.37890625,,,8
cmp_wrap_around_sustained,sync,3,consumer,1,1024,2,balanced,2010021,0,1005011084,1999998.8378237628,0,499.91796875,500.32421875,526.69140625,,,8
cmp_wrap_around_sustained,sync,4,producer,0,1024,2,balanced,2011038,1396068,1005015125,2001002.721227703,40.9751853919426,521,667,20083,125,333,8
cmp_wrap_around_sustained,sync,4,consumer,0,1024,2,balanced,2010025,0,1005013083,1999998.839816098,0,499.91796875,500.32421875,557.6171875,,,8
cmp_wrap_around_sustained,sync,4,consumer,1,1024,2,balanced,2010023,0,1005012042,1999998.9214059587,0,499.91796875,500.1640625,544.025390625,,,8
cmp_blocking_push_unblocks,spmc,0,producer,0,8,2,max,14227626,3797611,1005010292,14156696.815200375,21.068299961881223,83.25,209,76546.875,42,125,8
cmp_blocking_push_unblocks,spmc,0,consumer,0,8,2,max,14227628,10555789,1005007875,14156732.851471437,42.592145384956396,104.5,250,560834,83,125,8
cmp_blocking_push_unblocks,spmc,0,consumer,1,8,2,max,14227628,10528418,1005007125,14156743.416122548,42.52867360159211,104,250,325167,83,125,8
cmp_blocking_push_unblocks,spmc,1,producer,0,8,2,max,14059567,3764318,1002746458,14021058.751024777,21.119514628825307,83.25,209,104093.75,42,125,8
cmp_blocking_push_unblocks,spmc,1,consumer,0,8,2,max,14059567,10414732,1002749583,14021015.055361034,42.553749956229595,111,250,832500,83,125,8
cmp_blocking_push_unblocks,spmc,1,consumer,1,8,2,max,14059567,10532835,1002742375,14021115.842441585,42.82963087542242,104.5,250,363292,83,125,8
cmp_blocking_push_unblocks,spmc,2,producer,0,8,2,max,14189415,3839955,1001410292,14169431.963457393,21.298331555678317,83.25,209,157875,42,125,8
cmp_blocking_push_unblocks,spmc,2,consumer,0,8,2,max,14189415,10555851,1001402875,14169536.910906112,42.65806235422969,104.5,250,320666,83,125,8
cmp_blocking_push_unblocks,spmc,2,consumer,1,8,2,max,14189415,10539119,1001407708,14169468.525800483,42.61926323655094,104.5,250,342417,83,125,8
cmp_blocking_push_unblocks,spmc,3,producer,0,8,2,max,14090201,3704038,1001039167,14075574.127860274,20.815939361048258,83.25,209,106099,42,125,8
cmp_blocking_push_unblocks,spmc,3,consumer,0,8,2,max,14090205,10509421,1001040584,14075558.199346691,42.72187308863964,104,250,343875,83,125,8
cmp_blocking_push_unblocks,spmc,3,consumer,1,8,2,max,14090205,10496159,1001033583,14075656.640582457,42.69097699846956,104,250,431875,83,125,8
cmp_blocking_push_unblocks,spmc,4,producer,0,8,2,max,14259743,3830131,1004990750,14188929.599600792,21.172789816004247,83.2,209,453542,42,125,8
cmp_blocking_push_unblocks,spmc,4,consumer,0,8,2,max,14259742,10553474,1004997875,14188828.011203507,42.53166538347951,104,250,363416,83,125,8
cmp_blocking_push_unblocks,spmc,4,consumer,1,8,2,max,14259743,10542414,1004991917,14188913.123367937,42.50603687413155,104,250,637000,83,125,8
cmp_blocking_push_unblocks,sync,0,producer,0,8,2,max,86746,15353,1004988625,86315.40481366144,15.037365694081235,11080.882352941177,15320.42857142857,18541,292,2459,8
cmp_blocking_push_unblocks,sync,0,consumer,0,8,2,max,86746,3450593,1004994750,86314.8787593169,97.54770464464954,7667,54958,450875,291,1042,8
cmp_blocking_push_unblocks,sync,0,consumer,1,8,2,max,86746,3892369,1004988292,86315.43341402429,97.81996750533725,7833,55042,481917,250,1041,8
cmp_blocking_push_unblocks,sync,1,producer,0,8,2,max,86462,17714,1003105459,86194.32705130956,17.003916449086162,11267.171875,14629.555555555555,23309.5,292,2334,8
cmp_blocking_push_unblocks,sync,1,consumer,0,8,2,max,86462,3429570,1003095875,86195.15058817284,97.54092112927299,7625,54583,494542,291,1042,8
cmp_blocking_push_unblocks,sync,1,consumer,1,8,2,max,86462,3875262,1003104042,86194.44881072466,97.81756629184667,7916,54750,454292,250,1041,8
cmp_blocking_push_unblocks,sync,2,producer,0,8,2,max,91650,16688,1004214916,91265.32432426048,15.403644150713507,10591.444444444445,14959.472222222223,56981.444444444445,291,1500,8
cmp_blocking_push_unblocks,sync,2,consumer,0,8,2,max,91650,3419351,1004213667,91265.43783634843,97.389633326792,7417,50792,535792,291,1042,8
cmp_blocking_push_unblocks,sync,2,consumer,1,8,2,max,91650,3835876,1004208709,91265.88843395501,97.66646993552685,7625,50958,478792,250,1000,8
cmp_blocking_push_unblocks,sync,3,producer,0,8,2,max,85674,15908,1005009333,85246.96954232165,15.660254769545787,11018.158415841584,15700.033203125,19512.574545454547,292,1500,8
cmp_blocking_push_unblocks,sync,3,consumer,0,8,2,max,85674,3424262,1004997125,85248.00506270105,97.55910079272101,7750,56208,510792,291,1042,8
cmp_blocking_push_unblocks,sync,3,consumer,1,8,2,max,85674,3859971,1005006708,85247.19220083057,97.82864398596428,8000,56458,507500,250,1041,8
cmp_blocking_push_unblocks,sync,4,producer,0,8,2,max,88528,19918,1004984875,88088.88790490503,18.366744739317266,10923.373287671233,14168.707317073171,76873.21739130435,292,1000,8
cmp_blocking_push_unblocks,sync,4,consumer,0,8,2,max,88528,3443500,1004983750,88088.98651346353,97.49356460367812,7500,54541,1637792,291,1042,8
cmp_blocking_push_unblocks,sync,4,consumer,1,8,2,max,88528,3825186,1004988875,88088.53729848503,97.73800538312202,7667,54708,387792,250,1041,8
cmp_n_1,spmc,0,producer,0,1024,1,balanced,2010019,0,1005010125,1999998.756231436,0,499.91796875,500,541.421875,,,8
cmp_n_1,spmc,0,consumer,0,1024,1,balanced,2009929,93,1005011625,1999906.2199902413,0.004626815029885245,499.91796875,500,565.4296875,500,542,8
cmp_n_1,spmc,1,producer,0,1024,1,balanced,2010011,0,1005006084,1999998.837817981,0,499.919921875,500,521.728515625,,,8
cmp_n_1,spmc,1,consumer,0,1024,1,balanced,2009941,64,1005003083,1999935.1584078672,0.0031840716814137277,499.91796875,500,6500,500,583,8
cmp_n_1,spmc,2,producer,0,1024,1,balanced,2010042,0,1005021583,1999998.8398259105,0,499.91796875,500,561.1171875,,,8
cmp_n_1,spmc,2,consumer,0,1024,1,balanced,2009967,66,1005017084,1999933.1673052434,0.003283528180880612,499.919921875,500,531.25,500,542,8
cmp_n_1,spmc,3,producer,0,1024,1,balanced,2008536,0,1004268625,1999998.7553131017,0,499.91796875,500,525.146484375,,,8
cmp_n_1,spmc,3,consumer,0,1024,1,balanced,2008515,13,1004264583,1999985.8941555445,0.0006472401679239722,499.91796875,500,556.802734375,500,542,8
cmp_n_1,spmc,4,producer,0,1024,1,balanced,2010035,0,1005018125,1999998.7562413365,0,499.91796875,500,501.626953125,,,8
cmp_n_1,spmc,4,consumer,0,1024,1,balanced,2010024,5,1005015041,1999993.9483492766,0.00024875262993718003,499.91796875,500,596.923828125,500,542,8
cmp_n_1,sync,0,producer,0,1024,1,balanced,2003285,0,1001643375,1999998.2528711879,0,499.919921875,500.32421875,551.431640625,,,8
cmp_n_1,sync,0,consumer,0,1024,1,balanced,2003168,132,1001650584,1999867.0514427614,0.006589127938900814,499.91796875,500.244140625,4084,500,542,8
cmp_n_1,sync,1,producer,0,1024,1,balanced,2010001,0,1005001125,1999998.7562202977,0,499.91796875,500.244140625,517.0078125,,,8
cmp_n_1,sync,1,consumer,0,1024,1,balanced,2009946,49,1004998084,1999950.0814968718,0.0024378170094950485,499.91796875,500.08203125,2292,125,541,8
cmp_n_1,sync,2,producer,0,1024,1,balanced,2010034,0,1005017792,1999998.4239084993,0,499.91796875,500.08203125,560.953125,,,8
cmp_n_1,sync,2,consumer,0,1024,1,balanced,2009940,91,1005016083,1999908.2940048832,0.004527293360152156,499.91796875,522.13671875,2208.5,125,542,8
cmp_n_1,sync,3,producer,0,1024,1,balanced,2001414,0,1000707625,1999998.7508839057,0,499.91796875,500.162109375,576.5,,,8
cmp_n_1,sync,3,consumer,0,1024,1,balanced,2001345,65,1000705625,1999933.7967146933,0.003247710364193244,499.91796875,500.1640625,566.73046875,500,667,8
cmp_n_1,sync,4,producer,0,1024,1,balanced,2010035,0,1005018125,1999998.7562413365,0,499.91796875,500,535.23828125,,,8
cmp_n_1,sync,4,consumer,0,1024,1,balanced,2009953,75,1005014583,1999924.2140350116,0.003731291305394751,499.91796875,500,554.76953125,500,584,8
cmp_n_2,spmc,0,producer,0,1024,2,balanced,2011025,2009041,1005016834,2000986.3834778315,49.975323788216414,500,584,26042,208,334,8
cmp_n_2,spmc,0,consumer,0,1024,2,balanced,2010021,0,1005011083,1999998.8398137894,0,499.91796875,500,513.345703125,,,8
cmp_n_2,spmc,0,consumer,1,1024,2,balanced,2010040,0,1005020625,1999998.7562444303,0,499.919921875,500,537.59765625,,,8
cmp_n_2,spmc,1,producer,0,1024,2,balanced,2011020,2008991,1005003083,2001008.7869551342,49.97476375064645,541,584,13417,84,333,8
cmp_n_2,spmc,1,consumer,0,1024,2,balanced,2010020,0,1005010583,1999998.8398132122,0,499.91796875,500,555.337890625,,,8
cmp_n_2,spmc,1,consumer,1,1024,2,balanced,2010016,0,1005008583,1999998.8398109034,0,499.91796875,500,518.716796875,,,8
cmp_n_2,spmc,2,producer,0,1024,2,balanced,2006902,2004891,1002948500,2001002.0454689348,49.97493639377705,542,584,25042,209,416,8
cmp_n_2,spmc,2,consumer,0,1024,2,balanced,2005911,0,1002956083,1999998.8374366339,0,499.91796875,500,520.83203125,,,8
cmp_n_2,spmc,2,consumer,1,1024,2,balanced,2005898,0,1002949584,1999998.8354349823,0,499.919921875,500,549.31640625,,,8
cmp_n_2,spmc,3,producer,0,1024,2,balanced,2011003,2009023,1005007042,2000983.989125123,49.975373293605564,541,583,19708,84,333,8
cmp_n_2,spmc,3,consumer,0,1024,2,balanced,2009998,0,1004999541,1999998.9233825929,0,499.91796875,500,506.8359375,,,8
cmp_n_2,spmc,3,consumer,1,1024,2,balanced,2010000,0,1005000583,1999998.839801668,0,499.91796875,500,504.150390625,,,8
cmp_n_2,spmc,4,producer,0,1024,2,balanced,2011021,2009027,1005012417,2000991.1977037792,49.975199301102876,542,750,30667,250,334,8
cmp_n_2,spmc,4,consumer,0,1024,2,balanced,2010023,0,1005012125,1999998.756233911,0,499.919921875,500,532.470703125,,,8
cmp_n_2,spmc,4,consumer,1,1024,2,balanced,2010031,0,1005016084,1999998.8378295447,0,499.919921875,500,518.310546875,,,8
cmp_n_2,sync,0,producer,0,1024,2,balanced,2010891,337836,1004998333,2000889.8860531743,14.383791730584269,504.2,604.5,45375,125,333,8
cmp_n_2,sync,0,consumer,0,1024,2,balanced,2009887,118,1005003083,1999881.4272294128,0.005870632162606561,499.91796875,729.5,7041,250,2375,8
cmp_n_2,sync,0,consumer,1,1024,2,balanced,2009887,107,1004997541,1999892.4554582566,0.005323398975320324,499.91796875,700,1989.75,417,708,8
cmp_n_2,sync,1,producer,0,1024,2,balanced,2011019,732234,1005010125,2000993.7710826546,26.692178956880753,520.5,625,28583,125,333,8
cmp_n_2,sync,1,consumer,0,1024,2,balanced,2010013,0,1005007083,1999998.8398091719,0,499.91796875,500.1640625,548.583984375,,,8
cmp_n_2,sync,1,consumer,1,1024,2,balanced,2010015,0,1005008084,1999998.8378202936,0,499.91796875,500.1640625,580.240234375,,,8
cmp_n_2,sync,2,producer,0,1024,2,balanced,2011019,995424,1005005625,2001002.7307061092,33.10969141939495,520.5,1000,59917,167,625,8
cmp_n_2,sync,2,consumer,0,1024,2,balanced,2009997,0,1004999125,1999998.7562178227,0,499.91796875,500.244140625,515.462890625,,,8
cmp_n_2,sync,2,consumer,1,1024,2,balanced,2010009,0,1005005084,1999998.8378168244,0,499.91796875,500.244140625,546.3046875,,,8
cmp_n_2,sync,3,producer,0,1024,2,balanced,2004570,721711,1005001500,1994594.0379193465,26.472362900229285,510.5,1000,35875,166,584,8
cmp_n_2,sync,3,consumer,0,1024,2,balanced,2003548,6466,1005007625,1993564.9741960913,0.3216893016665555,500,5583,42666,458,1542,8
cmp_n_2,sync,3,consumer,1,1024,2,balanced,2003550,6463,1005007041,1993568.1226734808,0.32154020894392227,500,5583,42042,500,792,8
cmp_n_2,sync,4,producer,0,1024,2,balanced,2010792,1245897,1005017791,2000752.641402743,38.256554433045345,520.75,750,107416.5,125,334,8
cmp_n_2,sync,4,consumer,0,1024,2,balanced,2009798,224,1005011625,1999775.8732392772,0.01114415663112145,499.91796875,500.244140625,10833,208,1125,8
cmp_n_2,sync,4,consumer,1,1024,2,balanced,2009798,233,1005016083,1999767.0027336269,0.011591861021048928,499.91796875,557.943359375,13125,500,750,8
cmp_n_4,spmc,0,producer,0,1024,4,balanced,1973655,6049000,1002832209,1968080.9833262945,75.39897951488628,541,709,3655208,84,250,8
cmp_n_4,spmc,0,consumer,0,1024,4,balanced,1972692,32957,1002825125,1967134.5988663777,1.6432087568662312,499.837890625,666,3262458,500,541,8
cmp_n_4,spmc,0,consumer,1,1024,4,balanced,1972651,33013,1002832583,1967079.0852235402,1.645988560396956,499.91796875,667,803041,500,541,8
cmp_n_4,spmc,0,consumer,2,1024,4,balanced,1972651,25452,999052083,1974522.6836186878,1.2738082070844197,499.91796875,583,803042,500,542,8
cmp_n_4,spmc,0,consumer,3,1024,4,balanced,1972651,33010,1002831083,1967082.0275123045,1.645841445787698,499.91796875,506.02222222222224,3267542,500,542,8
cmp_n_4,spmc,1,producer,0,1024,4,balanced,1981318,6028854,1001271917,1978801.129204146,75.26497558354552,541,750,1913625,84,250,8
cmp_n_4,spmc,1,consumer,0,1024,4,balanced,1980315,22225,1001270625,1977801.955390432,1.1098405025617466,499.91796875,666,717500,500,542,8
cmp_n_4,spmc,1,consumer,1,1024,4,balanced,1980313,22220,1001267083,1977806.954430759,1.1095946983145846,499.91796875,503.0449438202247,842542,500,542,8
cmp_n_4,spmc,1,consumer,2,1024,4,balanced,1981270,21261,1001266084,1978764.7176512172,1.061706410537465,499.91796875,625,718041,500,542,8
cmp_n_4,spmc,1,consumer,3,1024,4,balanced,1980314,22201,1001258125,1977825.648106476,1.108655865249449,499.91796875,667,718000,500,542,8
cmp_n_4,spmc,2,producer,0,1024,4,balanced,1997733,6042096,1004978958,1987835.6497887988,75.152046144265,541,709,1141791,125,250,8
cmp_n_4,spmc,2,consumer,0,1024,4,balanced,1996716,13234,1004975542,1986830.4416904903,0.6584243389139034,499.91796875,500.08203125,3967.853515625,500,542,8
cmp_n_4,spmc,2,consumer,1,1024,4,balanced,1996716,13251,1004984083,1986813.5563297274,0.6592645550897104,499.91796875,542,3967.85546875,500,541,8
cmp_n_4,spmc,2,consumer,2,1024,4,balanced,1996716,13247,1004982083,1986817.510258041,0.659066858444658,499.91796875,541,3968.9140625,500,542,8
cmp_n_4,spmc,2,consumer,3,1024,4,balanced,1997697,12258,1004978167,1987801.3927042854,0.6098643999492526,499.91796875,583,3967.853515625,500,542,8
cmp_n_4,spmc,3,producer,0,1024,4,balanced,1991233,6024067,1001912875,1987431.292366614,75.15709954711613,541,709,2349000,125,250,8
cmp_n_4,spmc,3,consumer,0,1024,4,balanced,1990253,13574,1001914084,1986450.766371301,0.6774037878519452,499.91796875,500.08203125,608959,500,542,8
cmp_n_4,spmc,3,consumer,1,1024,4,balanced,1990229,13564,1001911917,1986431.10859415,0.6769162283728908,499.91796875,625,609000,500,542,8
cmp_n_4,spmc,3,consumer,2,1024,4,balanced,1990246,13576,1001914583,1986442.7904030217,0.6775052873957866,499.91796875,667,609000,500,541,8
cmp_n_4,spmc,3,consumer,3,1024,4,balanced,1990970,12841,1001906084,1987182.2636821116,0.64082890053004,499.91796875,542,14692.75,500,542,8
cmp_n_4,spmc,4,producer,0,1024,4,balanced,1985578,6047914,1004786208,1976119.8792250939,75.28374958237339,541,750,3099292,125,250,8
cmp_n_4,spmc,4,consumer,0,1024,4,balanced,1984561,24996,1004779125,1975121.6467599284,1.2438562329906542,499.91796875,501.0183299389002,15958,500,541,8
cmp_n_4,spmc,4,consumer,1,1024,4,balanced,1984561,25018,1004790125,1975100.0239975487,1.2449373724546287,499.91796875,584,5770.5078125,500,541,8
cmp_n_4,spmc,4,consumer,2,1024,4,balanced,1984584,24988,1004786667,1975129.7117878655,1.2434488537857813,499.91796875,620.037109375,6269.61328125,500,542,8
cmp_n_4,spmc,4,consumer,3,1024,4,balanced,1984561,25008,1004785125,1975109.8524672128,1.2444459483600714,499.91796875,666,6617.59375,500,541,8
cmp_n_4,sync,0,producer,0,1024,4,balanced,36818,0,1004991375,36635.14027670138,0,26482.91015625,44110.595703125,44110.595703125,,,8
cmp_n_4,sync,0,consumer,0,1024,4,balanced,36818,1973141,1004981041,36635.51698782743,98.16822134182837,20125,101208,4237958,375,2000,8
cmp_n_4,sync,0,consumer,1,1024,4,balanced,36818,1973150,1004984542,36635.3893630336,98.16822954395293,20125,102083,4236958,417,1791,8
cmp_n_4,sync,0,consumer,2,1024,4,balanced,36818,1973156,1004987625,36635.27697666924,98.16823501199518,20000,101125,4236792,458,1583,8
cmp_n_4,sync,0,consumer,3,1024,4,balanced,36818,1973156,1004987500,36635.281533352405,98.16823501199518,20709,103083,4237250,416,2083,8
cmp_n_4,sync,1,producer,0,1024,4,balanced,25389,0,1004737417,25269.288841464535,0,38600.912109375,59897.37890625,59897.37890625,,,8
cmp_n_4,sync,1,consumer,0,1024,4,balanced,25389,1740427,1004736750,25269.305616620473,98.5621944755286,28667,143542,3909833,417,2084,8
cmp_n_4,sync,1,consumer,1,1024,4,balanced,25389,1983864,1004729583,25269.485869214222,98.73639606361169,28667,145125,3909750,375,1834,8
cmp_n_4,sync,1,consumer,2,1024,4,balanced,25389,1983235,1004732959,25269.40096129563,98.73600036642,28750,145917,3909208,416,1875,8
cmp_n_4,sync,1,consumer,3,1024,4,balanced,25389,1982795,1004738625,25269.25846012937,98.73572341976632,28833,145333,3908667,416,1792,8
cmp_n_4,sync,2,producer,0,1024,4,balanced,29979,0,1004988792,29830.18341959778,0,33579.42578125,54970.8671875,54970.8671875,,,8
cmp_n_4,sync,2,consumer,0,1024,4,balanced,29979,1978565,1004989709,29830.156201131806,98.5074262749534,21500,126417,4050583,375,1959,8
cmp_n_4,sync,2,consumer,1,1024,4,balanced,29979,1979234,1004990625,29830.129012397505,98.50792325154177,21792,125459,4050833,458,1708,8
cmp_n_4,sync,2,consumer,2,1024,4,balanced,29979,1980010,1004995625,29829.980603149394,98.50849930024492,21791,126458,4050916,459,1708,8
cmp_n_4,sync,2,consumer,3,1024,4,balanced,29979,1980005,1004994083,29830.026372404027,98.50849559001465,21916,126333,4050333,458,1667,8
cmp_n_4,sync,3,producer,0,1024,4,balanced,28124,0,1004996542,27984.175889831073,0,33969.40234375,58020.01953125,58020.01953125,,,8
cmp_n_4,sync,3,consumer,0,1024,4,balanced,28124,1941034,1004988709,27984.394001783756,98.57177534763589,23375,129959,4138250,375,2000,8
cmp_n_4,sync,3,consumer,1,1024,4,balanced,28124,1981850,1004987625,27984.424186317716,98.60077792051042,23625,130541,4137875,417,1709,8
cmp_n_4,sync,3,consumer,2,1024,4,balanced,28124,1981862,1004993834,27984.251294421374,98.60078627413326,23625,130166,4137959,417,1833,8
cmp_n_4,sync,3,consumer,3,1024,4,balanced,28124,1981863,1004994292,27984.23854132696,98.60078697026398,23708,131041,4137750,417,1792,8
cmp_n_4,sync,4,producer,0,1024,4,balanced,26258,0,1004991417,26127.586321466068,0,37725.748046875,57027.1796875,57027.1796875,,,8
cmp_n_4,sync,4,consumer,0,1024,4,balanced,26258,1813464,1004988917,26127.651316178642,98.57271913908731,26041,139167,4251458,417,2042,8
cmp_n_4,sync,4,consumer,1,1024,4,balanced,26258,1983710,1004984625,26127.76289985531,98.69361104256387,26041,140000,4244792,416,1791,8
cmp_n_4,sync,4,consumer,2,1024,4,balanced,26258,1982865,1004982042,26127.83005330557,98.69306159951383,26125,141125,4257834,417,1792,8
cmp_n_4,sync,4,consumer,3,1024,4,balanced,26258,1983711,1004985167,26127.748808853812,98.69361169251864,26792,142584,4262709,416,1875,8
cmp_n_8,spmc,0,producer,0,1024,8,balanced,450082,10509002,1002719500,448861.3216358114,95.89306916526965,167,871375,6657375,83,250,8
cmp_n_8,spmc,0,consumer,0,1024,8,balanced,450082,1555379,1002731041,448856.1554364008,77.5571801196832,292,13926.921875,2032187.5,500,542,8
cmp_n_8,spmc,0,consumer,1,1024,8,balanced,450082,1555377,1002730125,448856.5654691984,77.55715773795426,292,12671.630859375,4944375,500,541,8
cmp_n_8,spmc,0,consumer,2,1024,8,balanced,450082,1555369,1002726125,448858.35601421073,77.55706821059204,499.837890625,17471.759765625,4944375,500,541,8
cmp_n_8,spmc,0,consumer,3,1024,8,balanced,450082,1555376,1002729542,448856.8264402446,77.55714654707305,417,15214.599609375,917854.5,500,541,8
cmp_n_8,spmc,0,consumer,4,1024,8,balanced,451106,1554170,1002638708,449918.7956745033,77.50404433105467,499.91796875,16885.236842105263,1823334,500,542,8
cmp_n_8,spmc,0,consumer,5,1024,8,balanced,450082,1554842,1002590250,448919.1870756772,77.55116902186816,292,13267.416015625,5350750,500,541,8
cmp_n_8,spmc,0,consumer,6,1024,8,balanced,449058,1550426,1002692250,447852.269726828,77.54130565685948,292,13468.9140625,4947958,500,542,8
cmp_n_8,spmc,0,consumer,7,1024,8,balanced,450082,1555378,1002730666,448856.32329908217,77.55716892882431,291,14412.109375,1682375,500,542,8
cmp_n_8,spmc,1,producer,0,1024,8,balanced,456329,10283449,1001334333,455720.9165422674,95.75103880173315,208.33333333333334,1491611,7521166,83,292,8
cmp_n_8,spmc,1,consumer,0,1024,8,balanced,455305,1529122,997532250,456431.35848490114,77.05609730163921,291,12552.490234375,897451.3333333334,500,542,8
cmp_n_8,spmc,1,consumer,1,1024,8,balanced,456329,1546523,1001501458,455644.8683672311,77.216039927064,375,12854.00390625,594000,500,542,8
cmp_n_8,spmc,1,consumer,2,1024,8,balanced,456329,1546542,1001436167,455674.57521234103,77.21625606441953,292,12828.125,602042,500,542,8
cmp_n_8,spmc,1,consumer,3,1024,8,balanced,456329,1546379,1001453625,455666.63159265113,77.21440170009807,292,12574.30078125,594000,500,541,8
cmp_n_8,spmc,1,consumer,4,1024,8,balanced,456329,1546455,1001412167,455685.49598019815,77.21526634924186,499.837890625,15236.00390625,697791,500,541,8
cmp_n_8,spmc,1,consumer,5,1024,8,balanced,456329,1546507,1001418584,455682.5759886238,77.21585791347869,292,11474.52734375,138230.53333333333,500,542,8
cmp_n_8,spmc,1,consumer,6,1024,8,balanced,456329,1546548,1001439083,455673.24837470916,77.21632431746932,292,14292.15625,835680.6666666666,500,542,8
cmp_n_8,spmc,1,consumer,7,1024,8,balanced,456329,1546486,1001524709,455634.29029687576,77.21561901623465,292,14127.521484375,394229,500,542,8
cmp_n_8,spmc,2,producer,0,1024,8,balanced,418295,10448342,1004076500,416596.74337562924,96.15064900023806,458,712208.5,9341583,83,291,8
cmp_n_8,spmc,2,consumer,0,1024,8,balanced,418295,1569852,994074083,420788.5580696706,78.96055975740225,292,17249.0234375,2233458.5,500,541,8
cmp_n_8,spmc,2,consumer,1,1024,8,balanced,417271,1583432,1004145042,415548.5338740536,79.14378096099222,292,18265.625,420225,500,542,8
cmp_n_8,spmc,2,consumer,2,1024,8,balanced,418295,1589842,1004069083,416599.8207515767,79.16999686774359,292,17940.34765625,606125,500,541,8
cmp_n_8,spmc,2,consumer,3,1024,8,balanced,418295,1589843,1004069708,416599.5614320435,79.17000724053825,333,20156.25,1029396,500,541,8
cmp_n_8,spmc,2,consumer,4,1024,8,balanced,418295,1589631,1004065083,416601.4804042339,79.1678079769872,292,17044.759765625,248625,500,541,8
cmp_n_8,spmc,2,consumer,5,1024,8,balanced,418295,1589679,1003987625,416633.6213556417,79.16830596412105,333,18687.41796875,705083.5,500,542,8
cmp_n_8,spmc,2,consumer,6,1024,8,balanced,419319,1588637,1003978583,417657.3157039148,79.11712208833262,499.837890625,18360.239583333332,2596437.5,500,542,8
cmp_n_8,spmc,2,consumer,7,1024,8,balanced,418295,1589852,1004074167,416597.7113521336,79.17010059522535,208,16573.078125,424375,500,542,8
cmp_n_8,spmc,3,producer,0,1024,8,balanced,414100,10758402,1004964042,412054.5439376029,96.29357864514144,292,851583.25,6761416,83,250,8
cmp_n_8,spmc,3,consumer,0,1024,8,balanced,413082,1592379,1005037167,411011.6656014175,79.40214245004017,270.5,13358.88671875,2190042,500,541,8
cmp_n_8,spmc,3,consumer,1,1024,8,balanced,415052,1594704,1004878667,413036.9303580807,79.34813977418155,292,13562.41796875,595375,500,542,8
cmp_n_8,spmc,3,consumer,2,1024,8,balanced,414106,1595840,1004973541,412056.61950855283,79.39715793359623,333,17941.40625,6349000,500,542,8
cmp_n_8,spmc,3,consumer,3,1024,8,balanced,414106,1595832,1004969667,412058.20792201086,79.3970759297053,291.6666666666667,17636.71875,7965125,500,542,8
cmp_n_8,spmc,3,consumer,4,1024,8,balanced,414106,1595250,1004725917,412158.17467561155,79.39110839492852,333,18463.37890625,6355583,500,541,8
cmp_n_8,spmc,3,consumer,5,1024,8,balanced,414106,1575673,994890084,416232.9152332772,79.18834202190294,499.755859375,16863.525390625,6753625,500,542,8
cmp_n_8,spmc,3,consumer,6,1024,8,balanced,414106,1595827,1004967167,412059.2329759167,79.39702467694197,291,17739.990234375,6349000,500,541,8
cmp_n_8,spmc,3,consumer,7,1024,8,balanced,414136,1595786,1004961583,412091.37444212136,79.39541932473001,250,14599.074074074075,3077041,500,542,8
cmp_n_8,spmc,4,producer,0,1024,8,balanced,391863,10542269,1001602666,391235.97939784237,96.4161489910676,236.16666666666666,1153319.6666666667,9500708,83,291,8
cmp_n_8,spmc,4,consumer,0,1024,8,balanced,391863,1611281,1001572541,391247.7468768785,80.43760208951528,333,17677.5703125,9466417,500,542,8
cmp_n_8,spmc,4,consumer,1,1024,8,balanced,391863,1591326,991595084,395184.49246365967,80.24076373961331,333,22156.087890625,7440500,500,542,8
cmp_n_8,spmc,4,consumer,2,1024,8,balanced,390839,1609402,1001674209,390185.7475098473,80.46040452125519,292,14528.15625,3171333,500,542,8
cmp_n_8,spmc,4,consumer,3,1024,8,balanced,392887,1610327,1001607625,392256.3988068681,80.38716782131115,499.755859375,23975.409836065573,2514208,500,542,8
cmp_n_8,spmc,4,consumer,4,1024,8,balanced,391863,1611189,1001526583,391265.70043323556,80.43670359032117,333,18746.98828125,9420416,500,541,8
cmp_n_8,spmc,4,consumer,5,1024,8,balanced,391863,1611326,1001595042,391238.95743086154,80.43804154276006,380.2890625,18853.841796875,7019708,500,542,8
cmp_n_8,spmc,4,consumer,6,1024,8,balanced,391863,1611280,1001677042,391206.9295484562,80.43759232366337,292,17389.974609375,9496458,500,541,8
cmp_n_8,spmc,4,consumer,7,1024,8,balanced,391863,1611345,1001604584,391235.23020936974,80.43822708375765,292,16756.021484375,9496959,500,542,8
cmp_n_8,sync,0,producer,0,1024,8,balanced,388,0,1003435083,386.6717504434714,0,2586173.0025773197,2586173.0025773197,2586173.0025773197,,,8
cmp_n_8,sync,0,consumer,0,1024,8,balanced,388,422183,1003391041,386.68872268713034,99.90818111039329,780042,30179709,49110333,1500,11625,8
cmp_n_8,sync,0,consumer,1,1024,8,balanced,388,423257,1003386416,386.6905050865269,99.90841388426631,767875,30436084,49110750,1458,11791,8
cmp_n_8,sync,0,consumer,2,1024,8,balanced,388,426057,1003377292,386.6940213751618,99.90901523056901,773666,30442833,49113084,1458,11583,8
cmp_n_8,sync,0,consumer,3,1024,8,balanced,388,405363,1003378417,386.69358780915456,99.90437485058571,766292,30437000,49138125,1583,12208,8
cmp_n_8,sync,0,consumer,4,1024,8,balanced,388,424113,1003386708,386.6903925540142,99.90859856631668,777125,29736792,49122875,1500,11416,8
cmp_n_8,sync,0,consumer,5,1024,8,balanced,388,395245,1003383458,386.6916450599886,99.9019293132777,766083,30463084,49114917,1542,12458,8
cmp_n_8,sync,0,consumer,6,1024,8,balanced,388,398257,1003405417,386.68318251664374,99.90267029562644,776208,30395792,49140125,1500,12834,8
cmp_n_8,sync,0,consumer,7,1024,8,balanced,388,407932,1003374625,386.69504921952756,99.9049764890282,779750,30453834,49114250,1416,12375,8
cmp_n_8,sync,1,producer,0,1024,8,balanced,285,0,1001091459,284.68927333042006,0,3512601.754385965,3512601.754385965,3512601.754385965,,,8
cmp_n_8,sync,1,consumer,0,1024,8,balanced,285,386973,1001094292,284.6884676873175,99.92640565204593,799542,35710458,41947834,1667,12125,8
cmp_n_8,sync,1,consumer,1,1024,8,balanced,285,404140,999574500,285.1213191212861,99.92952957903196,820375,34386833,41926709,1583,11959,8
cmp_n_8,sync,1,consumer,2,1024,8,balanced,285,423556,1001088792,284.69003177092804,99.93275780304407,812292,34546583,41932083,1542,11625,8
cmp_n_8,sync,1,consumer,3,1024,8,balanced,285,378447,1001086083,284.69080215951817,99.92474889895757,804167,32677125,41940250,1709,12334,8
cmp_n_8,sync,1,consumer,4,1024,8,balanced,285,405632,1001094208,284.6884915750107,99.92978860210339,822375,35706167,41898041,1625,11791,8
cmp_n_8,sync,1,consumer,5,1024,8,balanced,285,383964,1001127250,284.6790954896093,99.92582934503407,814666,35713042,41929417,1667,12333,8
cmp_n_8,sync,1,consumer,6,1024,8,balanced,285,387371,1001079917,284.6925556693592,99.92648121014508,804000,35701334,41944333,1584,12667,8
cmp_n_8,sync,1,consumer,7,1024,8,balanced,285,422065,1001088125,284.6902214527817,99.9325204214514,805334,32694209,41937250,1458,12000,8
cmp_n_8,sync,2,producer,0,1024,8,balanced,373,0,1001628583,372.3935262338655,0,2685331.321715818,2685331.321715818,2685331.321715818,,,8
cmp_n_8,sync,2,consumer,0,1024,8,balanced,373,390333,1001545875,372.42427861829094,99.90453179628672,709000,32570000,50237250,1667,12208,8
cmp_n_8,sync,2,consumer,1,1024,8,balanced,373,397344,1001578667,372.41208533048757,99.90621472051735,693875,32571916,50140917,1625,12291,8
cmp_n_8,sync,2,consumer,2,1024,8,balanced,373,398284,1001583792,372.41017973661457,99.90643585839456,700667,32541375,50223084,1625,12083,8
cmp_n_8,sync,2,consumer,3,1024,8,balanced,373,399138,1001577000,372.41270516395645,99.9066358623417,708000,32557583,50223792,1708,11917,8
cmp_n_8,sync,2,consumer,4,1024,8,balanced,373,371068,1001577208,372.41262782409484,99.89958028327514,701083,32626334,50238667,1792,12667,8
cmp_n_8,sync,2,consumer,5,1024,8,balanced,373,378800,1001568125,372.4160051519211,99.9016280167628,690125,33012250,50206375,1709,12667,8
cmp_n_8,sync,2,consumer,6,1024,8,balanced,373,395001,1001579917,372.411620549696,99.9056589457071,701458,32567916,50231209,1584,12667,8
cmp_n_8,sync,2,consumer,7,1024,8,balanced,373,420249,1001511792,372.43695279426123,99.91132180437543,698625,32545292,50133125,1500,12042,8
cmp_n_8,sync,3,producer,0,1024,8,balanced,371,0,1000341834,370.87322292271546,0,2696339.1752021564,2696339.1752021564,2696339.1752021564,,,8
cmp_n_8,sync,3,consumer,0,1024,8,balanced,371,414076,1000288250,370.89309006678826,99.91048312570727,686250,31968250,60674125,1584,11583,8
cmp_n_8,sync,3,consumer,1,1024,8,balanced,371,362150,1000284083,370.8946351393657,99.89766110101208,689416,32100792,60681625,1750,13250,8
cmp_n_8,sync,3,consumer,2,1024,8,balanced,371,397874,1000285792,370.8940014615343,99.90684126605481,689958,32090750,60674375,1625,12084,8
cmp_n_8,sync,3,consumer,3,1024,8,balanced,371,355673,1000206708,370.9233271808851,99.89579939558033,694166,32151000,60675750,1834,13250,8
cmp_n_8,sync,3,consumer,4,1024,8,balanced,371,400422,1000242833,370.9099308287671,99.90743351306037,682792,32068250,60687500,1667,11750,8
cmp_n_8,sync,3,consumer,5,1024,8,balanced,371,406132,1000283958,370.894681488034,99.90873376088246,687084,32067417,60673542,1584,11750,8
cmp_n_8,sync,3,consumer,6,1024,8,balanced,371,424283,1000283792,370.89474303908344,99.91263475676668,687667,32082708,60650875,1500,11583,8
cmp_n_8,sync,3,consumer,7,1024,8,balanced,371,414117,1000329375,370.8778421107548,99.91049198046747,700542,32084500,60625416,1500,12459,8
cmp_n_8,sync,4,producer,0,1024,8,balanced,356,0,1005020625,354.2215862485409,0,2823091.643258427,2823091.643258427,2823091.643258427,,,8
cmp_n_8,sync,4,consumer,0,1024,8,balanced,356,392964,1004961334,354.2424847163324,99.90948845723584,721584,38720792,52396167,1666,11459,8
cmp_n_8,sync,4,consumer,1,1024,8,balanced,356,400956,1005005542,354.22690236269364,99.91129096563273,699583,38707333,52405958,1583,11625,8
cmp_n_8,sync,4,consumer,2,1024,8,balanced,356,382884,1004964417,354.2413979817556,99.90710781755557,710250,44034542,52382375,1708,12125,8
cmp_n_8,sync,4,consumer,3,1024,8,balanced,356,380338,1004973000,354.2383725731935,99.90648657451916,712542,38714125,52389166,1750,11875,8
cmp_n_8,sync,4,consumer,4,1024,8,balanced,356,382743,1004966666,354.2406052301838,99.90707362848768,708333,38720208,54793750,1708,12083,8
cmp_n_8,sync,4,consumer,5,1024,8,balanced,356,402072,1004955000,354.24471742515834,99.91153697058853,709208,38688333,52341042,1625,11250,8
cmp_n_8,sync,4,consumer,6,1024,8,balanced,356,416762,1004970708,354.2391804717158,99.91465244846782,710709,39060709,52395542,1583,11250,8
cmp_n_8,sync,4,consumer,7,1024,8,balanced,356,423208,1005010958,354.2249934353452,99.91595130842093,715334,38705750,52366250,1417,11542,8
cmp_n_16,spmc,0,producer,0,1024,16,balanced,51685,5608112,1004955083,51430.15929200489,99.08680470341957,541,84661.783203125,15236625,83,167,8
cmp_n_16,spmc,0,consumer,0,1024,16,balanced,51685,1938148,994917083,51949.05272322075,97.40254584178672,291,34884.359375,26353916,84,541,8
cmp_n_16,spmc,0,consumer,1,1024,16,balanced,52230,1927642,993451708,52574.27168266542,97.36195067155856,291,36194.744140625,9887305.333333334,84,542,8
cmp_n_16,spmc,0,consumer,2,1024,16,balanced,50702,1914777,994631625,50975.65643963915,97.42037437184523,270.5,32631.998046875,10783937.5,84,542,8
cmp_n_16,spmc,0,consumer,3,1024,16,balanced,52229,1915953,987435625,52893.57470771829,97.34633280865286,291,44329.1015625,11017042,84,541,8
cmp_n_16,spmc,0,consumer,4,1024,16,balanced,51685,1948361,1001809792,51591.629880974455,97.41580943638296,291,40884.033203125,5778333.333333333,84,541,8
cmp_n_16,spmc,0,consumer,5,1024,16,balanced,51685,1943415,1004958542,51429.98227284086,97.40940303744173,270.5,36837.076171875,15655875,84,541,8
cmp_n_16,spmc,0,consumer,6,1024,16,balanced,52229,1957683,1004956583,51971.39944502458,97.40142852025362,291,46186.361328125,10191146,84,541,8
cmp_n_16,spmc,0,consumer,7,1024,16,balanced,51685,1952032,1004790166,51438.600564488406,97.4205439191263,270.5,42894.693359375,19895500,84,542,8
cmp_n_16,spmc,0,consumer,8,1024,16,balanced,51685,1956855,1005029083,51426.37250428702,97.42673782946817,250,40705.97265625,3394916.6666666665,84,542,8
cmp_n_16,spmc,0,consumer,9,1024,16,balanced,52708,1950570,1005031083,52444.14913284826,97.36891235265401,292,32525.30859375,16527125,84,541,8
cmp_n_16,spmc,0,consumer,10,1024,16,balanced,50701,1936632,1005036458,50446.926175090055,97.44879192364843,291,2484.86328125,27020667,84,541,8
cmp_n_16,spmc,0,consumer,11,1024,16,balanced,51685,1958228,1004957083,51430.05693905836,97.42849566125498,250,48044.189453125,13018750,84,541,8
cmp_n_16,spmc,0,consumer,12,1024,16,balanced,52230,1904907,984717250,53040.60632633378,97.3313058820103,271,43693.439453125,6408194.333333333,84,542,8
cmp_n_16,spmc,0,consumer,13,1024,16,balanced,50661,1917687,994716084,50930.11042535832,97.42621731523084,291,500,14283152.666666666,84,542,8
cmp_n_16,spmc,0,consumer,14,1024,16,balanced,51685,1930830,993187250,52039.53232383924,97.3929579347445,270.5,56477.45703125,4127465.3333333335,84,541,8
cmp_n_16,spmc,0,consumer,15,1024,16,balanced,51685,1938216,994951042,51947.279633081685,97.40263460343002,250,41394.775390625,7680729,84,541,8
cmp_n_16,spmc,1,producer,0,1024,16,balanced,50379,5447607,1001851375,50285.90193829898,99.08368264306239,243.02857142857144,6176292,12939458,83,167,8
cmp_n_16,spmc,1,consumer,0,1024,16,balanced,50379,1935495,994077958,50679.12390026054,97.46313210203668,250,40679.607421875,14508000,84,542,8
cmp_n_16,spmc,1,consumer,1,1024,16,balanced,51402,1935531,994102458,51706.94387318374,97.41299782126524,250,56968.36496350365,7538875,84,541,8
cmp_n_16,spmc,1,consumer,2,1024,16,balanced,50379,1944995,1001766000,50290.1875288241,97.47521016110264,250,56852.294921875,2285004.1,83,541,8
cmp_n_16,spmc,1,consumer,3,1024,16,balanced,50379,1953100,1001765125,50290.23145520264,97.48542410476976,250,43986.654296875,26975667,84,541,8
cmp_n_16,spmc,1,consumer,4,1024,16,balanced,50379,1937749,994064708,50679.79940798783,97.46600822482255,291,33580.322265625,13177875,84,541,8
cmp_n_16,spmc,1,consumer,5,1024,16,balanced,51402,1921001,994317208,51695.776344242855,97.39394028502288,73,147600.38636363635,3353216.6,84,541,8
cmp_n_16,spmc,1,consumer,6,1024,16,balanced,51402,1941971,998066916,51501.556835493786,97.42135566198598,250,51335.85546875,7156542,84,542,8
cmp_n_16,spmc,1,consumer,7,1024,16,balanced,50517,1938953,996080333,50715.789004540056,97.46078101202833,208,61087.3203125,14730000,84,542,8
cmp_n_16,spmc,1,consumer,8,1024,16,balanced,51402,1914506,983694208,52254.04356553861,97.38533034099255,292,46521.484375,18543792,84,542,8
cmp_n_16,spmc,1,consumer,9,1024,16,balanced,50504,1920704,994286333,50794.22126583731,97.43791624222304,291,44076.986328125,16491750,83,541,8
cmp_n_16,spmc,1,consumer,10,1024,16,balanced,50379,1944783,1001862834,50285.32678356646,97.47494188441841,291,45753.3359375,11166020.5,83,542,8
cmp_n_16,spmc,1,consumer,11,1024,16,balanced,51403,1927253,993988916,51713.85633438995,97.40212548315624,250,45195.720703125,22606417,84,542,8
cmp_n_16,spmc,1,consumer,12,1024,16,balanced,49355,1929793,1001848041,49263.958185451,97.50625016421208,250,97415.52734375,13378542,84,542,8
cmp_n_16,spmc,1,consumer,13,1024,16,balanced,50379,1953157,1001768583,50290.05785860226,97.48549564370194,291,9950.84765625,31229959,83,542,8
cmp_n_16,spmc,1,consumer,14,1024,16,balanced,50379,1945717,1001838667,50286.53979872789,97.47612339286287,250,33068.197265625,19568208,84,541,8
cmp_n_16,spmc,1,consumer,15,1024,16,balanced,50155,1932206,1001760500,50066.85729772735,97.4699361014467,291,46851.64453125,31201500,83,541,8
cmp_n_16,spmc,2,producer,0,1024,16,balanced,53509,5665564,984872167,54330.90891683204,99.06437634211,541,3478708.3333333335,21154416,83,167,8
cmp_n_16,spmc,2,consumer,0,1024,16,balanced,53509,1915694,984602042,54345.81457022816,97.28270777568386,291,25361.98046875,9570604,84,542,8
cmp_n_16,spmc,2,consumer,1,1024,16,balanced,54533,1955335,1004934584,54265.22369539628,97.28673723846542,250,39248.94140625,21593583,84,542,8
cmp_n_16,spmc,2,consumer,2,1024,16,balanced,53509,1915658,984584083,54346.80584817051,97.28265809857672,250,43006.51171875,16934334,84,542,8
cmp_n_16,spmc,2,consumer,3,1024,16,balanced,53509,1945151,1005060250,53239.594342727214,97.32275624668529,250,49435.953125,2578854,84,541,8
cmp_n_16,spmc,2,consumer,4,1024,16,balanced,54533,1933980,994985541,54807.83162456026,97.25759901997121,270.5,38020.751953125,15573250,84,542,8
cmp_n_16,spmc,2,consumer,5,1024,16,balanced,53240,1920099,991895875,53674.98881876084,97.3020347745623,271,55427.8984375,15228521,84,542,8
cmp_n_16,spmc,2,consumer,6,1024,16,balanced,52485,1931540,1005065084,52220.49878712133,97.35462002746941,271,59493.65234375,2390667,84,542,8
cmp_n_16,spmc,2,consumer,7,1024,16,balanced,54532,1915169,984851084,55370.80771492556,97.23145797255522,270.5,48966.14453125,24980917,84,542,8
cmp_n_16,spmc,2,consumer,8,1024,16,balanced,53509,1956337,1005031042,53241.14158058015,97.3376567159872,240.66666666666666,62056.396484375,7448937.5,84,542,8
cmp_n_16,spmc,2,consumer,9,1024,16,balanced,53509,1936397,994953541,53780.40058656367,97.31097850853257,250,44488.119140625,7252979,84,542,8
cmp_n_16,spmc,2,consumer,10,1024,16,balanced,53509,1931675,1004933833,53246.2916889375,97.3045823460193,250,42124.591796875,25137833,84,542,8
cmp_n_16,spmc,2,consumer,11,1024,16,balanced,53509,1910929,986302166,54252.13676353216,97.27611662979437,291,39086.345703125,3360792,84,542,8
cmp_n_16,spmc,2,consumer,12,1024,16,balanced,53509,1956351,1004930583,53246.46389033221,97.33767526096345,250,40397.298828125,15800250,83,541,8
cmp_n_16,spmc,2,consumer,13,1024,16,balanced,53508,1897851,984987583,54323.52744694448,97.25791102508559,260.5,47631.51171875,15923292,84,542,8
cmp_n_16,spmc,2,consumer,14,1024,16,balanced,53509,1948253,1005024792,53241.472674039265,97.3269049966979,291,33681.72265625,25360417,84,542,8
cmp_n_16,spmc,2,consumer,15,1024,16,balanced,53509,1950632,1005047834,53240.25204555588,97.33007807334914,250,51450.439453125,14951792,84,542,8
cmp_n_16,spmc,3,producer,0,1024,16,balanced,52224,5506440,995239667,52473.792727154236,99.06049367258032,500,218821.9659090909,21800875,83,167,8
cmp_n_16,spmc,3,consumer,0,1024,16,balanced,52224,1911396,988816833,52814.634881928636,97.3404222812968,291,73439.697265625,16882875,84,541,8
cmp_n_16,spmc,3,consumer,1,1024,16,balanced,52224,1949218,1000721584,52186.3431697502,97.39068131876917,250,39981.201171875,11441958,84,542,8
cmp_n_16,spmc,3,consumer,2,1024,16,balanced,53248,1946248,1000730250,53209.144022577515,97.33692890608432,500,76658.7734375,11277458.5,84,541,8
cmp_n_16,spmc,3,consumer,3,1024,16,balanced,53247,1925347,990833750,53739.59052161879,97.30884658499924,291,49300.375,12068604,84,542,8
cmp_n_16,spmc,3,consumer,4,1024,16,balanced,52224,1942056,1000867750,52178.721914059075,97.38131054816776,250,51583.984375,8607541,84,542,8
cmp_n_16,spmc,3,consumer,5,1024,16,balanced,52224,1931537,997432750,52358.417146419146,97.36742480570996,266.6,227793.5606060606,9769833.5,84,541,8
cmp_n_16,spmc,3,consumer,6,1024,16,balanced,52224,1918315,987704417,52874.11810774559,97.34976064924369,167,60765.0546875,16995584,84,541,8
cmp_n_16,spmc,3,consumer,7,1024,16,balanced,52224,1949233,1000729084,52185.952057330236,97.390700874413,250,56744.546875,5576125,84,542,8
cmp_n_16,spmc,3,consumer,8,1024,16,balanced,52224,1929141,990900916,52703.5540655409,97.36424131848497,229.5,54821.2890625,9893896,84,542,8
cmp_n_16,spmc,3,consumer,9,1024,16,balanced,53248,1945651,999450083,53277.29809193482,97.3361335415146,333,43282.2265625,759583,84,542,8
cmp_n_16,spmc,3,consumer,10,1024,16,balanced,52224,1920074,990948458,52701.02554617427,97.35212427330961,250,43657.14453125,11120958,84,542,8
cmp_n_16,spmc,3,consumer,11,1024,16,balanced,52224,1949181,1000757917,52184.44851933157,97.39063308026111,250,58717.611328125,21327208,84,541,8
cmp_n_16,spmc,3,consumer,12,1024,16,balanced,53247,1914002,1000726250,53208.35743041616,97.29332687422894,146,59879.150390625,12894687.5,84,542,8
cmp_n_16,spmc,3,consumer,13,1024,16,balanced,52224,1906210,997543459,52352.6063238915,97.3333796288259,208,58717.693359375,14425500,84,542,8
cmp_n_16,spmc,3,consumer,14,1024,16,balanced,52224,1909564,981013333,53234.750480195566,97.33793865596078,167,44342.365234375,7371833,84,542,8
cmp_n_16,spmc,3,consumer,15,1024,16,balanced,53248,1931173,1000811458,53204.82651788345,97.31669842236099,229,39164.388671875,8445458.5,84,541,8
cmp_n_16,spmc,4,producer,0,1024,16,balanced,51492,5638049,1005053875,51233.074445884806,99.09497092999243,520.5,112583.09302325582,21819625,83,167,8
cmp_n_16,spmc,4,consumer,0,1024,16,balanced,51491,1921741,995847167,51705.725242074215,97.39052478370512,187.5,44208.333333333336,11866417,84,542,8
cmp_n_16,spmc,4,consumer,1,1024,16,balanced,51491,1956787,1005047541,51232.40234861686,97.43606213880747,291,49899.822265625,19144417,84,542,8
cmp_n_16,spmc,4,consumer,2,1024,16,balanced,51491,1939739,995701541,51713.28744584116,97.41411087619211,250,55378.5,19144792,84,542,8
cmp_n_16,spmc,4,consumer,3,1024,16,balanced,51491,1936437,1001530000,51412.33912114465,97.40981564724677,291,51741.291015625,30174875,84,542,8
cmp_n_16,spmc,4,consumer,4,1024,16,balanced,51491,1936473,1005033209,51233.1329342173,97.40986255284301,292,39057.6171875,13029167,84,542,8
cmp_n_16,spmc,4,consumer,5,1024,16,balanced,51491,1957741,1005083208,51230.58428412228,97.43727951774609,250,49784.423828125,19189042,84,542,8
cmp_n_16,spmc,4,consumer,6,1024,16,balanced,51491,1949770,1000631125,51458.52323952046,97.42707223095837,208,110765.50581395348,7340903,84,541,8
cmp_n_16,spmc,4,consumer,7,1024,16,balanced,51491,1926538,995955792,51700.08590100152,97.39685313006028,218.75,51208.0078125,1898750,84,542,8
cmp_n_16,spmc,4,consumer,8,1024,16,balanced,51491,1955099,1005027333,51233.43247421909,97.4339052820955,292,43733.154296875,9057458.5,84,541,8
cmp_n_16,spmc,4,consumer,9,1024,16,balanced,51491,1937398,1004734959,51248.3412055736,97.41106718373926,250,53077.9609375,13202416.5,84,542,8
cmp_n_16,spmc,4,consumer,10,1024,16,balanced,51491,1939155,996430583,51675.45123411773,97.41335224846608,291,61097.57421875,11410125,84,542,8
cmp_n_16,spmc,4,consumer,11,1024,16,balanced,52514,1957216,1004865583,52259.725965756355,97.38701218571649,250,56072.103515625,5950042,84,542,8
cmp_n_16,spmc,4,consumer,12,1024,16,balanced,51491,1942333,996912542,51650.46865264536,97.41747516330427,250,54256.265625,14004229,84,541,8
cmp_n_16,spmc,4,consumer,13,1024,16,balanced,51491,1926768,995784333,51708.987873782906,97.39715578192745,250,64379.068359375,3702166.8,84,542,8
cmp_n_16,spmc,4,consumer,14,1024,16,balanced,51491,1958414,1004953083,51237.21780751032,97.43813762342,250,1012737.2307692308,2229343.75,83,542,8
cmp_n_16,spmc,4,consumer,15,1024,16,balanced,51098,1919163,1000593042,51067.714700338685,97.40653649440353,166.5,58501.873046875,14312875,84,542,8
cmp_n_16,sync,0,producer,0,1024,16,balanced,15,0,1003828708,14.942788426409498,0,66921913.86666667,66921913.86666667,66921913.86666667,,,8
cmp_n_16,sync,0,consumer,0,1024,16,balanced,15,209123,1003792584,14.943326180222108,99.99282770228271,61853084,195636000,195636000,1625,11291,8
cmp_n_16,sync,0,consumer,1,1024,16,balanced,15,196836,1003797417,14.94325423234278,99.99238002346954,66044292,179436208,179436208,1750,11542,8
cmp_n_16,sync,0,consumer,2,1024,16,balanced,15,198757,980842584,15.292973862154419,99.9924536655062,64495833,181097667,181097667,1750,11333,8
cmp_n_16,sync,0,consumer,3,1024,16,balanced,15,193189,1003796542,14.94326725823688,99.99223618558622,58713291,174829209,174829209,1750,11458,8
cmp_n_16,sync,0,consumer,4,1024,16,balanced,15,205686,986707417,15.202074841604237,99.99270786238277,63395125,196357916,196357916,1708,11208,8
cmp_n_16,sync,0,consumer,5,1024,16,balanced,15,179542,992908375,15.107134130075195,99.99164610680731,72177709,176334709,176334709,1917,12209,8
cmp_n_16,sync,0,consumer,6,1024,16,balanced,15,202404,1003743792,14.944052575520189,99.99258962844397,66723166,177270625,177270625,1708,10959,8
cmp_n_16,sync,0,consumer,7,1024,16,balanced,15,175298,989644500,15.156957877298364,99.99144387466987,66367125,191072417,191072417,1959,12375,8
cmp_n_16,sync,0,consumer,8,1024,16,balanced,15,191586,993472500,15.098555823135516,99.99217123083909,67265209,186350750,186350750,1833,11917,8
cmp_n_16,sync,0,consumer,9,1024,16,balanced,15,202896,1003754833,14.943888195455393,99.9926075964339,59581375,174584833,174584833,1750,11541,8
cmp_n_16,sync,0,consumer,10,1024,16,balanced,15,197560,1003022458,14.954799745869698,99.99240794634949,66354334,204703209,204703209,1750,11417,8
cmp_n_16,sync,0,consumer,11,1024,16,balanced,15,202782,1003740042,14.94410840690562,99.99260344087931,59758000,186852250,186852250,1708,11375,8
cmp_n_16,sync,0,consumer,12,1024,16,balanced,15,204778,990453916,15.144571350253514,99.99267553090193,68384125,186220084,186220084,1666,11333,8
cmp_n_16,sync,0,consumer,13,1024,16,balanced,15,187668,993547458,15.09741671544793,99.99200780038682,59883541,204204000,204204000,1833,12041,8
cmp_n_16,sync,0,consumer,14,1024,16,balanced,15,188549,1003817834,14.942950296298482,99.99204514117223,57476167,191668375,191668375,1834,12000,8
cmp_n_16,sync,0,consumer,15,1024,16,balanced,15,184554,1003817041,14.94296210099904,99.99187295808072,58637875,186187042,186187042,1875,12084,8
cmp_n_16,sync,1,producer,0,1024,16,balanced,16,0,1000176500,15.997176498348042,0,62511031.25,62511031.25,62511031.25,,,8
cmp_n_16,sync,1,consumer,0,1024,16,balanced,16,193262,988981708,16.178256756999595,99.99172176864413,63831750,134060292,134060292,1708,11625,8
cmp_n_16,sync,1,consumer,1,1024,16,balanced,16,210748,1000078875,15.9987380995324,99.99240857072365,68078250,132736667,132736667,1583,10875,8
cmp_n_16,sync,1,consumer,2,1024,16,balanced,15,211257,989174333,15.164162169986268,99.99290014767693,58414625,115835042,115835042,1500,10667,8
cmp_n_16,sync,1,consumer,3,1024,16,balanced,16,206194,1000087833,15.998594795423333,99.99224091945105,65582125,133842458,133842458,1584,11125,8
cmp_n_16,sync,1,consumer,4,1024,16,balanced,16,202384,1000161292,15.997419744174623,99.99209486166008,54103333,120130875,120130875,1542,11292,8
cmp_n_16,sync,1,consumer,5,1024,16,balanced,15,204070,993995500,15.09061157721539,99.992650121273,59576000,117552666,117552666,1625,10916,8
cmp_n_16,sync,1,consumer,6,1024,16,balanced,16,197517,1000020625,15.99967000680611,99.9919000875803,58734250,131381500,131381500,1792,12000,8
cmp_n_16,sync,1,consumer,7,1024,16,balanced,15,192041,990075708,15.150356562429668,99.99218977798142,57495208,135946958,135946958,1791,11750,8
cmp_n_16,sync,1,consumer,8,1024,16,balanced,16,205625,1000123125,15.998030242526388,99.99221945040144,56720084,120040000,120040000,1500,10917,8
cmp_n_16,sync,1,consumer,9,1024,16,balanced,16,207600,993343083,16.107224456306,99.9922934648582,61581750,130087708,130087708,1583,11125,8
cmp_n_16,sync,1,consumer,10,1024,16,balanced,15,200226,987565917,15.188859540198166,99.99250902662293,58118667,130092458,130092458,1625,11167,8
cmp_n_16,sync,1,consumer,11,1024,16,balanced,15,172522,992052584,15.120166251187346,99.99130621258048,57648666,131767417,131767417,1916,12250,8
cmp_n_16,sync,1,consumer,12,1024,16,balanced,16,214132,1000072458,15.998840755996502,99.99252853166969,67174959,123415709,123415709,1459,10792,8
cmp_n_16,sync,1,consumer,13,1024,16,balanced,16,206254,993370500,16.106779897329346,99.99224317641927,61892750,116613833,116613833,1542,11000,8
cmp_n_16,sync,1,consumer,14,1024,16,balanced,16,181333,1000163916,15.997377773824825,99.99117723284937,57603208,121079500,121079500,1833,11750,8
cmp_n_16,sync,1,consumer,15,1024,16,balanced,16,205790,1000068000,15.99891207397897,99.99222568826953,67176334,130175084,130175084,1542,11166,8
cmp_n_16,sync,2,producer,0,1024,16,balanced,18,0,1005071000,17.909182535363172,0,55837277.777777776,55837277.777777776,55837277.777777776,,,8
cmp_n_16,sync,2,consumer,0,1024,16,balanced,18,209978,1000692000,17.987552613591394,99.99142840816016,61290792,167791916,167791916,1666,11084,8
cmp_n_16,sync,2,consumer,1,1024,16,balanced,18,206957,1004963333,17.91110124014843,99.9913032974997,50248375,192116250,192116250,1667,11375,8
cmp_n_16,sync,2,consumer,2,1024,16,balanced,18,189603,1004958125,17.91119406094657,99.99050738051164,61213834,182357000,182357000,1875,11792,8
cmp_n_16,sync,2,consumer,3,1024,16,balanced,18,195751,1000097042,17.998253413492247,99.990805490144,53620291,177217750,177217750,1750,11416,8
cmp_n_16,sync,2,consumer,4,1024,16,balanced,18,181574,1005001500,17.910421029222345,99.99008766906032,53513917,172715916,172715916,1917,11875,8
cmp_n_16,sync,2,consumer,5,1024,16,balanced,18,194536,1005007042,17.910322264189666,99.99074806994459,62519875,175525791,175525791,1792,11833,8
cmp_n_16,sync,2,consumer,6,1024,16,balanced,18,198988,1000008375,17.99984925126252,99.9909550465815,61285375,182848791,182848791,1750,11458,8
cmp_n_16,sync,2,consumer,7,1024,16,balanced,18,194208,1005021625,17.910062382986037,99.99073244570758,60788417,172352208,172352208,1833,11875,8
cmp_n_16,sync,2,consumer,8,1024,16,balanced,18,194686,999954083,18.000826543952417,99.99075519763333,62534417,167033917,167033917,1750,11542,8
cmp_n_16,sync,2,consumer,9,1024,16,balanced,18,200288,990666375,18.16958812193459,99.9910137489641,62776542,157756041,157756041,1709,11167,8
cmp_n_16,sync,2,consumer,10,1024,16,balanced,18,204291,1000544375,17.99020658129231,99.99118981542662,61232000,167655708,167655708,1708,11417,8
cmp_n_16,sync,2,consumer,11,1024,16,balanced,18,188768,1000061833,17.998887074815503,99.99046539467969,61166250,177766167,177766167,1833,11750,8
cmp_n_16,sync,2,consumer,12,1024,16,balanced,18,193751,1005033916,17.9098433529879,99.99071058838102,54812333,192223334,192223334,1792,11542,8
cmp_n_16,sync,2,consumer,13,1024,16,balanced,18,184496,1005011417,17.910244297254586,99.99024464268294,60116000,177540500,177540500,1875,11959,8
cmp_n_16,sync,2,consumer,14,1024,16,balanced,18,186139,1000079333,17.998572119278062,99.9903307423304,55287084,156287708,156287708,1875,11875,8
cmp_n_16,sync,2,consumer,15,1024,16,balanced,18,186054,1004878583,17.912611836409294,99.99032632529344,62552833,171956875,171956875,1875,12000,8
cmp_n_16,sync,3,producer,0,1024,16,balanced,15,0,1002911000,14.956461739875223,0,66860733.333333336,66860733.333333336,66860733.333333336,,,8
cmp_n_16,sync,3,consumer,0,1024,16,balanced,15,208743,1002803042,14.95807189623583,99.99281464662431,66659541,141553959,141553959,1667,11250,8
cmp_n_16,sync,3,consumer,1,1024,16,balanced,15,187944,1002884666,14.956854470442167,99.99201953617545,63395542,135482666,135482666,1833,11958,8
cmp_n_16,sync,3,consumer,2,1024,16,balanced,15,196867,1002884041,14.956863791593628,99.99238122327078,63084250,143262625,143262625,1792,11458,8
cmp_n_16,sync,3,consumer,3,1024,16,balanced,14,196766,990048834,14.140716618428945,99.99288545583902,58903708,125929834,125929834,1750,11583,8
cmp_n_16,sync,3,consumer,4,1024,16,balanced,15,185417,991580167,15.127369928527424,99.99191078131066,64412166,134253084,134253084,1875,11708,8
cmp_n_16,sync,3,consumer,5,1024,16,balanced,15,194339,999603792,15.005945475645014,99.99228212437099,65713750,132245792,132245792,1750,11542,8
cmp_n_16,sync,3,consumer,6,1024,16,balanced,15,203400,1000088125,14.99867824147997,99.99262591254332,68159000,140416917,140416917,1750,11292,8
cmp_n_16,sync,3,consumer,7,1024,16,balanced,15,178181,1002850625,14.957362169465666,99.99158230263305,63044958,135506042,135506042,1958,12042,8
cmp_n_16,sync,3,consumer,8,1024,16,balanced,14,185458,989548500,14.147866425950825,99.99245169082126,63046083,122317042,122317042,1792,11792,8
cmp_n_16,sync,3,consumer,9,1024,16,balanced,14,186917,991632708,14.118130520559635,99.99251060551755,62129500,124221375,124221375,1875,12167,8
cmp_n_16,sync,3,consumer,10,1024,16,balanced,15,186985,991080459,15.134997228312823,99.99197860962566,56503125,123727708,123727708,1917,12125,8
cmp_n_16,sync,3,consumer,11,1024,16,balanced,15,184840,1000075833,14.998862591253118,99.99188553190338,62195542,132671041,132671041,1916,11916,8
cmp_n_16,sync,3,consumer,12,1024,16,balanced,14,194701,1002816333,13.960682070382672,99.99281000436535,61411000,141307750,141307750,1792,11583,8
cmp_n_16,sync,3,consumer,13,1024,16,balanced,15,195133,1002811333,14.957948226538441,99.99231352614426,63044417,143217542,143217542,1792,11708,8
cmp_n_16,sync,3,consumer,14,1024,16,balanced,15,208099,1002805292,14.958038334723906,99.9927924118512,65187417,143243166,143243166,1750,11416,8
cmp_n_16,sync,3,consumer,15,1024,16,balanced,15,197527,1002891833,14.9567475837646,99.99240667807352,65073583,135443084,135443084,1791,11750,8
cmp_n_16,sync,4,producer,0,1024,16,balanced,14,0,1002925333,13.959164794573994,0,71637523.78571428,71637523.78571428,71637523.78571428,,,8
cmp_n_16,sync,4,consumer,0,1024,16,balanced,14,198057,1004934709,13.931253318866112,99.992931827476,64849500,157125708,157125708,1750,11542,8
cmp_n_16,sync,4,consumer,1,1024,16,balanced,14,202712,1005014084,13.93015304251199,99.99309412704834,67216500,159126292,159126292,1750,11667,8
cmp_n_16,sync,4,consumer,2,1024,16,balanced,14,211426,994944875,14.071131327753209,99.99337873628453,71964417,131647542,131647542,1667,10750,8
cmp_n_16,sync,4,consumer,3,1024,16,balanced,14,191242,1004933625,13.931268346205453,99.99267996821015,70075584,141784209,141784209,1833,11791,8
cmp_n_16,sync,4,consumer,4,1024,16,balanced,14,193492,1004984417,13.930564258689396,99.99276508221968,66749459,141649416,141649416,1791,11958,8
cmp_n_16,sync,4,consumer,5,1024,16,balanced,14,189140,1004976417,13.930675151355318,99.99259862334394,67621000,141657875,141657875,1834,11792,8
cmp_n_16,sync,4,consumer,6,1024,16,balanced,14,209732,1002896125,13.959571336463185,99.99332526007647,68353667,149741959,149741959,1667,11000,8
cmp_n_16,sync,4,consumer,7,1024,16,balanced,14,198818,1002732375,13.96185098740828,99.99295887985838,74402667,139683541,139683541,1833,11625,8
cmp_n_16,sync,4,consumer,8,1024,16,balanced,14,197249,1000980959,13.986280032725377,99.99290287585609,74104375,148682250,148682250,1750,11334,8
cmp_n_16,sync,4,consumer,9,1024,16,balanced,14,187454,1001131541,13.984176331130097,99.99253205880471,64039791,147877083,147877083,1875,11875,8
cmp_n_16,sync,4,consumer,10,1024,16,balanced,14,168416,1004996041,13.93040313479205,99.9916879415781,74278000,161810709,161810709,2083,12292,8
cmp_n_16,sync,4,consumer,11,1024,16,balanced,14,183066,1004934667,13.931253901105594,99.9923530696963,64853084,141678708,141678708,1958,12375,8
cmp_n_16,sync,4,consumer,12,1024,16,balanced,14,198419,1004924000,13.931401777646867,99.99294472189607,73248791,151771791,151771791,1750,11250,8
cmp_n_16,sync,4,consumer,13,1024,16,balanced,14,201914,996236125,14.052893333897122,99.99306683570381,74085750,132896791,132896791,1709,11542,8
cmp_n_16,sync,4,consumer,14,1024,16,balanced,14,196741,996158667,14.053986040358367,99.99288455185383,67004833,132975916,132975916,1750,11500,8
cmp_n_16,sync,4,consumer,15,1024,16,balanced,14,179876,1002803583,13.960859571440123,99.99221746622936,64103667,149492084,149492084,1958,12167,8
cmp_cap_4,spmc,0,producer,0,4,2,balanced,2000214,2019772,1004996916,1990268.7940188665,50.24325955364024,500,584,55875,208,333,8
cmp_cap_4,spmc,0,consumer,0,4,2,balanced,2000211,9778,1004995208,1990269.1914129008,0.48647032396694706,499.91796875,652.6666666666666,22209,500,542,8
cmp_cap_4,spmc,0,consumer,1,4,2,balanced,2000212,9782,1004997709,1990265.23353,0.48666811940732163,499.919921875,666.6666666666666,3500,500,542,8
cmp_cap_4,spmc,1,producer,0,4,2,balanced,1997933,2022077,1005002833,1987987.4308772222,50.300297760453326,500,792,90614.75,250,292,8
cmp_cap_4,spmc,1,consumer,0,4,2,balanced,1997931,12083,1005007583,1987976.0449528866,0.6011400915615513,499.91796875,626.66,40584,500,542,8
cmp_cap_4,spmc,1,consumer,1,4,2,balanced,1997931,12075,1005003583,1987983.9572671454,0.6007444753896257,499.91796875,684.3829787234042,17750,500,542,8
cmp_cap_4,spmc,2,producer,0,4,2,balanced,1999128,2020897,1005006583,1989169.0600000776,50.27075702265533,500,583,45218.75,84,333,8
cmp_cap_4,spmc,2,consumer,0,4,2,balanced,1999126,10875,1005001166,1989177.791660393,0.5410445069430314,499.91796875,666.6666666666666,16542,500,542,8
cmp_cap_4,spmc,2,consumer,1,4,2,balanced,1999128,10870,1004999667,1989182.7486545823,0.5407965580065254,499.91796875,666.6666666666666,16500,500,541,8
cmp_cap_4,spmc,3,producer,0,4,2,balanced,1999933,2020070,1005001084,1989980.938169814,50.25046001209452,500,584,83125,84,334,8
cmp_cap_4,spmc,3,consumer,0,4,2,balanced,1999932,10055,1004994083,1989993.8057645261,0.5002519916795481,499.91796875,666.6666666666666,8146,500,542,8
cmp_cap_4,spmc,3,consumer,1,4,2,balanced,1999934,10055,1004995083,1989993.815720987,0.5002514939136482,499.91796875,666.6666666666666,9520.75,500,541,8
cmp_cap_4,spmc,4,producer,0,4,2,balanced,1980572,2039393,1004991709,1970734.6660309613,50.73161084735812,500,584,1505218.75,83,334,8
cmp_cap_4,spmc,4,consumer,0,4,2,balanced,1980568,29415,1005001834,1970710.8315585423,1.4634452132182212,499.919921875,709,12254.8828125,500,542,8
cmp_cap_4,spmc,4,consumer,1,4,2,balanced,1980572,29407,1004990083,1970737.8545346302,1.4630501114688264,499.91796875,666.6666666666666,15000,500,542,8
cmp_cap_4,sync,0,producer,0,4,2,balanced,1988069,1588880,1005012125,1978154.2436614882,44.41997914982853,500,875,43750,291,417,8
cmp_cap_4,sync,0,consumer,0,4,2,balanced,1988067,21951,1005009583,1978157.2570338366,1.0920797724199485,500.244140625,10972.333333333334,42584,500,625,8
cmp_cap_4,sync,0,consumer,1,4,2,balanced,1988067,21955,1005011583,1978153.32044785,1.0922766019476404,500.9765258215962,10792,56042,500,584,8
cmp_cap_4,sync,1,producer,0,4,2,balanced,1988019,1412892,1004975875,1978175.8442708885,41.54451557244514,520.5,959,38208,334,666,8
cmp_cap_4,sync,1,consumer,0,4,2,balanced,1988016,21943,1004980042,1978164.656925595,1.0917138110777385,501.4274406332454,11583,96958,500,625,8
cmp_cap_4,sync,1,consumer,1,4,2,balanced,1988016,21945,1004981083,1978162.6078627394,1.0918122291925068,509.68359375,9084,97000,500,625,8
cmp_cap_4,sync,2,producer,0,4,2,balanced,1995156,944842,1004954500,1985319.733380964,32.13750485544548,509.22222222222223,792,35500,209,333,8
cmp_cap_4,sync,2,consumer,0,4,2,balanced,1995154,14746,1004950625,1985325.398449302,0.7336683417085427,500.1640625,5375,136833.5,500,584,8
cmp_cap_4,sync,2,consumer,1,4,2,balanced,1995154,14743,1004949125,1985328.3617715475,0.7335201754119738,500.244140625,5000,68771,500,584,8
cmp_cap_4,sync,3,producer,0,4,2,balanced,1995867,1200856,1004999292,1985938.7124821974,37.565219132217585,520.5,833,34000,209,458,8
cmp_cap_4,sync,3,consumer,0,4,2,balanced,1995865,14120,1004993083,1985948.991849927,0.7024928046726717,500.162109375,8666,60108.4,500,625,8
cmp_cap_4,sync,3,consumer,1,4,2,balanced,1995865,14127,1004996583,1985942.0755861416,0.7028386182631572,500.6226012793177,4833,58458,500,584,8
cmp_cap_4,sync,4,producer,0,4,2,balanced,1983122,1773835,1005002792,1973250.2394878918,47.21467400345546,500,875,86940.57142857143,292,416,8
cmp_cap_4,sync,4,consumer,0,4,2,balanced,1983119,26888,1005004042,1973244.8001437988,1.337706784105727,500.7745358090186,26041,187958,500,2875,8
cmp_cap_4,sync,4,consumer,1,4,2,balanced,1983119,26893,1005006542,1973239.891606596,1.3379522112305797,501.9329896907216,17875,187375,500,1625,8
cmp_cap_16,spmc,0,producer,0,16,2,balanced,1999534,2020433,1004992333,1989601.2480326057,50.25993994478064,500,583,18796.529411764706,84,333,8
cmp_cap_16,spmc,0,consumer,0,16,2,balanced,1999532,10455,1004994083,1989595.7934709552,0.5201526179025039,499.91796875,557.25,7041.666666666667,500,542,8
cmp_cap_16,spmc,0,consumer,1,16,2,balanced,1999532,10459,1004996083,1989591.8340609095,0.5203505886344765,499.91796875,557.25,26000,500,542,8
cmp_cap_16,spmc,1,producer,0,16,2,balanced,1984187,2035786,1004993625,1974327.9466076216,50.64178291744745,521,584,291600.5294117647,209,292,8
cmp_cap_16,spmc,1,consumer,0,16,2,balanced,1984198,25791,1004995084,1974336.0257073655,1.283141350524804,499.919921875,570.1129032258065,10164.95703125,500,542,8
cmp_cap_16,spmc,1,consumer,1,16,2,balanced,1984185,25816,1005001084,1974311.3033298978,1.2843774704589699,499.919921875,586.1713615023474,15583,500,542,8
cmp_cap_16,spmc,2,producer,0,16,2,balanced,1997850,2022169,1005005041,1987900.4766106443,50.302473694776076,542,584,15625,125,333,8
cmp_cap_16,spmc,2,consumer,0,16,2,balanced,1997851,12173,1005012583,1987886.5536552193,0.6056146593274507,499.91796875,553.7109375,1656.25,500,542,8
cmp_cap_16,spmc,2,consumer,1,16,2,balanced,1997847,12164,1005006084,1987895.4285017045,0.6051708174731383,499.919921875,552.734375,1186.3684210526317,500,542,8
cmp_cap_16,spmc,3,producer,0,16,2,balanced,2003127,2016887,1005003833,1993153.5922808764,50.17114368258419,520.5,791,33750,250,291,8
cmp_cap_16,spmc,3,consumer,0,16,2,balanced,2003126,6868,1004997583,1993164.992517201,0.341692562266355,499.91796875,539.0625,1092.853515625,500,542,8
cmp_cap_16,spmc,3,consumer,1,16,2,balanced,2003125,6867,1004996542,1993166.0620579529,0.3416431508185107,499.919921875,541.6666666666666,7771,500,542,8
cmp_cap_16,spmc,4,producer,0,16,2,balanced,2003981,2016035,1005004334,1994002.3462625188,50.1499247764188,542,584,18120.117647058825,208,334,8
cmp_cap_16,spmc,4,consumer,0,16,2,balanced,2003977,6032,1005005125,1993996.796782504,0.3000981587644632,499.91796875,539.0625,1833,500,541,8
cmp_cap_16,spmc,4,consumer,1,16,2,balanced,2003979,6042,1005011084,1993986.9638293462,0.3005938743923571,499.919921875,541.09765625,16000,500,542,8
cmp_cap_16,sync,0,producer,0,16,2,balanced,1958393,136452,1005002125,1948645.6309731684,6.513703877852538,502.625,562.5,7555.666666666667,166,459,8
cmp_cap_16,sync,0,consumer,0,16,2,balanced,1958393,51597,1004995583,1948658.3156455525,2.5670276966552072,708,3014,54167,458,917,8
cmp_cap_16,sync,0,consumer,1,16,2,balanced,1958393,51599,1004996584,1948656.3747364937,2.56712464527222,708.25,2875,46375,416,1334,8
cmp_cap_16,sync,1,producer,0,16,2,balanced,1982640,566443,1005003959,1972768.3480697612,22.221441985215858,508.2,833,22062.5,167,417,8
cmp_cap_16,sync,1,consumer,0,16,2,balanced,1982625,27385,1005005541,1972750.317403474,1.3624310326814295,631,12084,269083,458,1916,8
cmp_cap_16,sync,1,consumer,1,16,2,balanced,1982625,27381,1005003625,1972754.0783745928,1.3622347395977923,635.25,12875,269292,458,958,8
cmp_cap_16,sync,2,producer,0,16,2,balanced,1996016,554004,1004968750,1986147.3304518175,21.725476662928134,510.25,875,33875,167,417,8
cmp_cap_16,sync,2,consumer,0,16,2,balanced,1996001,13922,1004962083,1986145.5807780959,0.6926633507850799,501.9337748344371,7854,141250,500,750,8
cmp_cap_16,sync,2,consumer,1,16,2,balanced,1996001,13931,1004966500,1986136.85132788,0.6931080255451428,502.6125461254613,7542,141208,458,1250,8
cmp_cap_16,sync,3,producer,0,16,2,balanced,1989484,553836,1005015416,1979555.704646027,21.77610367551075,513.6666666666666,917,23833,167,417,8
cmp_cap_16,sync,3,consumer,0,16,2,balanced,1989484,20534,1005012875,1979560.7096078247,1.021582891297491,552.1,10167,49666,458,1375,8
cmp_cap_16,sync,3,consumer,1,16,2,balanced,1989484,20545,1005015083,1979556.3605486704,1.0221245564118726,553.1342281879195,10417,77583,458,1292,8
cmp_cap_16,sync,4,producer,0,16,2,balanced,1996925,569296,1005014333,1986961.7123161964,22.18421562289452,513.6666666666666,1000,23917,167,417,8
cmp_cap_16,sync,4,consumer,0,16,2,balanced,1996925,13081,1005003584,1986982.9638338883,0.6507940772316103,500.65234375,9667,165125,500,750,8
cmp_cap_16,sync,4,consumer,1,16,2,balanced,1996925,13082,1005004542,1986981.0697830657,0.6508435045251085,500.896484375,9500,105500,459,1333,8
cmp_cap_64,spmc,0,producer,0,64,2,balanced,2008989,2011046,1005009125,1998975.8799453687,50.02558435436507,500,583,14583,208,333,8
cmp_cap_64,spmc,0,consumer,0,64,2,balanced,2008949,1056,1005003041,1998948.1802970981,0.052537182743326506,499.91796875,503.4961832061069,874.0234375,500,584,8
cmp_cap_64,spmc,0,consumer,1,64,2,balanced,2008948,1054,1005001583,1998950.085235836,0.052437758768399234,499.91796875,503.664,872.96484375,500,584,8
cmp_cap_64,spmc,1,producer,0,64,2,balanced,2007689,2012369,1005014833,1997671.0134784647,50.0582081154053,541,750,18625,209,291,8
cmp_cap_64,spmc,1,consumer,0,64,2,balanced,2007644,2374,1005009583,1997636.6732813532,0.11810839504919855,499.91796875,507.4032258064516,1241.2109375,500,542,8
cmp_cap_64,spmc,1,consumer,1,64,2,balanced,2007651,2383,1005017583,1997627.737026368,0.11855520851886087,499.91796875,507.26984126984127,1241.2109375,500,541,8
cmp_cap_64,spmc,2,producer,0,64,2,balanced,2008144,2011054,1004799792,1998551.369126876,50.03620125209059,521,792,15958,250,292,8
cmp_cap_64,spmc,2,consumer,0,64,2,balanced,2008100,1488,1004794542,1998518.0214085996,0.07404502813512023,499.919921875,505.7471264367816,1210.611328125,500,542,8
cmp_cap_64,spmc,2,consumer,1,64,2,balanced,2008100,1485,1004793084,1998520.9213482207,0.07389585411913405,499.919921875,506.25,1210.04296875,500,542,8
cmp_cap_64,spmc,3,producer,0,64,2,balanced,2007243,2012758,1005000583,1997255.557810955,50.06859451029987,521,792,27750,250,333,8
cmp_cap_64,spmc,3,consumer,0,64,2,balanced,2007199,2815,1005007583,1997197.865918988,0.14004877577967118,499.91796875,507.8125,9958,500,542,8
cmp_cap_64,spmc,3,consumer,1,64,2,balanced,2007200,2802,1005001625,1997210.7010274734,0.139402846365327,499.91796875,504.4344262295082,1980.7692307692307,500,541,8
cmp_cap_64,spmc,4,producer,0,64,2,balanced,2008536,2011452,1004997375,1998548.5036714647,50.036268764981386,500,584,21583,125,334,8
cmp_cap_64,spmc,4,consumer,0,64,2,balanced,2008492,1493,1004993125,1998513.173908528,0.07427916128727328,499.919921875,506.0975609756098,1227.5390625,500,542,8
cmp_cap_64,spmc,4,consumer,1,64,2,balanced,2008508,1495,1005002125,1998511.1971778169,0.07437799844079834,499.919921875,506.6521739130435,1227.62109375,500,542,8
cmp_cap_64,sync,0,producer,0,64,2,balanced,2005732,251345,1005001959,1995749.343608991,11.135862888151356,503,625,32542,166,375,8
cmp_cap_64,sync,0,consumer,0,64,2,balanced,2005671,4312,1004992084,1995708.2567428462,0.21452917760995988,500,2583,256250,500,709,8
cmp_cap_64,sync,0,consumer,1,64,2,balanced,2005671,4320,1004996042,1995700.3969971854,0.21492633549105444,499.919921875,2194.3333333333335,64437.5,417,1250,8
cmp_cap_64,sync,1,producer,0,64,2,balanced,2008559,499406,1004985625,1998594.75601952,19.912797826125963,507,604.5,11291.5,167,375,8
cmp_cap_64,sync,1,consumer,0,64,2,balanced,2008519,1440,1004980125,1998565.8920369197,0.07164325242455194,499.91796875,2375,45021,375,833,8
cmp_cap_64,sync,1,consumer,1,64,2,balanced,2008519,1438,1004979042,1998568.0457603016,0.07154381909662744,499.91796875,2666,45021,458,750,8
cmp_cap_64,sync,2,producer,0,64,2,balanced,2007211,198553,1004597667,1998024.7475529923,9.001552296619222,502.92857142857144,583.5,29521,167,417,8
cmp_cap_64,sync,2,consumer,0,64,2,balanced,2007190,1934,1004562583,1998073.623253794,0.09626085796595929,499.919921875,1479,31958,500,750,8
cmp_cap_64,sync,2,consumer,1,64,2,balanced,2007189,1933,1004561583,1998074.6167952952,0.09621118080435136,499.91796875,1541,19325,417,1041,8
cmp_cap_64,sync,3,producer,0,64,2,balanced,2004382,485647,1002946958,1998492.526461205,19.50366843117088,508.4,917,36459,166,417,8
cmp_cap_64,sync,3,consumer,0,64,2,balanced,2004319,1571,1002945542,1998432.533039765,0.07831934951567633,499.91796875,2542,74500,375,1417,8
cmp_cap_64,sync,3,consumer,1,64,2,balanced,2004319,1561,1002940583,1998442.4142102941,0.0778212056553732,499.91796875,3166,74584,458,834,8
cmp_cap_64,sync,4,producer,0,64,2,balanced,2008368,510317,1004979916,1998416.0559085242,20.261247436658415,506.8333333333333,875,34167,166,375,8
cmp_cap_64,sync,4,consumer,0,64,2,balanced,2008306,1652,1004979583,1998355.0252881108,0.08219077214548762,499.91796875,1542,29125,459,833,8
cmp_cap_64,sync,4,consumer,1,64,2,balanced,2008306,1643,1004975042,1998364.054895604,0.08174336761778533,499.91796875,1709,35000,459,791,8
cmp_cap_256,spmc,0,producer,0,256,2,balanced,2002393,2003569,1001490792,1999412.2921501608,50.01467812225877,521,750,34042,208,250,8
cmp_cap_256,spmc,0,consumer,0,256,2,balanced,2002157,837,1001497625,1999163.003506873,0.04178744419603853,499.91796875,500,889.56640625,500,584,8
cmp_cap_256,spmc,0,consumer,1,256,2,balanced,2002157,825,1001491583,1999175.0644598277,0.04118858781556699,499.91796875,500,888.671875,500,542,8
cmp_cap_256,spmc,1,producer,0,256,2,balanced,2009624,2010336,1004990333,1999645.1050440103,50.00885580951054,521,792,15416,250,250,8
cmp_cap_256,spmc,1,consumer,0,256,2,balanced,2009388,604,1004996625,1999397.7591715793,0.030049870845257096,499.91796875,500,927.734375,500,541,8
cmp_cap_256,spmc,1,consumer,1,256,2,balanced,2009389,589,1004989583,1999412.764062451,0.029303803325210525,499.91796875,500,927.654296875,500,541,8
cmp_cap_256,spmc,2,producer,0,256,2,balanced,2009744,2010272,1005004292,1999736.7334626268,50.00656713804125,521,750,12562.5,250,250,8
cmp_cap_256,spmc,2,consumer,0,256,2,balanced,2009513,483,1004998542,1999518.3236793194,0.024029898566962322,499.91796875,500,872.0703125,500,583,8
cmp_cap_256,spmc,2,consumer,1,256,2,balanced,2009513,489,1005001583,1999512.273405046,0.02432833400165771,499.91796875,500,872.0703125,500,584,8
cmp_cap_256,spmc,3,producer,0,256,2,balanced,2003962,2003969,1001983083,1999995.842245173,50.00008732685268,500,584,11792,167,333,8
cmp_cap_256,spmc,3,consumer,0,256,2,balanced,2003726,244,1001985583,1999755.3198327804,0.012175830975513606,499.91796875,500,665.0390625,500,542,8
cmp_cap_256,spmc,3,consumer,1,256,2,balanced,2003727,238,1001983083,1999761.3073473417,0.011876454928105032,499.91796875,500,680.33984375,500,541,8
cmp_cap_256,spmc,4,producer,0,256,2,balanced,2008714,2008515,1004307708,2000098.161150427,49.997523168333196,521,750,41000,250,292,8
cmp_cap_256,spmc,4,consumer,0,256,2,balanced,2008478,137,1004308250,1999862.0941329517,0.006820620178580763,499.91796875,500,610.431640625,500,541,8
cmp_cap_256,spmc,4,consumer,1,256,2,balanced,2008478,142,1004310709,1999857.1975796786,0.007069530324302257,499.919921875,500,610.3515625,500,542,8
cmp_cap_256,sync,0,producer,0,256,2,balanced,2008362,326724,1004998417,1998373.296940228,13.9919471916666,504.2,625,31125,125,333,8
cmp_cap_256,sync,0,consumer,0,256,2,balanced,2008115,1887,1005001542,1998121.31233526,0.09388050360148896,499.919921875,1500,73062.5,458,1333,8
cmp_cap_256,sync,0,consumer,1,256,2,balanced,2008115,1893,1005004541,1998115.3498091507,0.09417872963689697,499.919921875,1500,74020.5,500,709,8
cmp_cap_256,sync,1,producer,0,256,2,balanced,2009627,1294511,1005008042,1999612.8548392253,39.17847862286624,521,667,39125,166,333,8
cmp_cap_256,sync,1,consumer,0,256,2,balanced,2009372,644,1005008583,1999358.0492635455,0.032039545953863054,499.91796875,500.1640625,32208,500,583,8
cmp_cap_256,sync,1,consumer,1,256,2,balanced,2009373,631,1005002542,1999371.062287323,0.031392972352293824,499.91796875,500.244140625,26041,500,542,8
cmp_cap_256,sync,2,producer,0,256,2,balanced,1991695,604370,1004978916,1981827.6466209963,23.280233738369414,506.8333333333333,667,30709,125,334,8
cmp_cap_256,sync,2,consumer,0,256,2,balanced,1991480,18468,1004974584,1981622.2536429837,0.918829740868918,550.8888888888889,21292,141000,417,2334,8
cmp_cap_256,sync,2,consumer,1,256,2,balanced,1991479,18409,1004944584,1981680.4147282215,0.9159216831982678,558.4,19209,139209,291,3709,8
cmp_cap_256,sync,3,producer,0,256,2,balanced,2009861,1207530,1005000333,1999861.0289017686,37.53134138809986,521,667,39667,166,334,8
cmp_cap_256,sync,3,consumer,0,256,2,balanced,2009607,395,1005001542,1999605.8871718626,0.01965172173958036,499.91796875,500.1640625,130542,500,625,8
cmp_cap_256,sync,3,consumer,1,256,2,balanced,2009607,407,1005007541,1999593.9513054858,0.02024861518377484,499.91796875,500.244140625,130542,500,583,8
cmp_cap_256,sync,4,producer,0,256,2,balanced,2006453,433344,1005000791,1996469.075415882,17.761477696710013,505.25,667,13167,125,334,8
cmp_cap_256,sync,4,consumer,0,256,2,balanced,2006216,3797,1005007083,1996220.756983461,0.18890425086802923,499.91796875,5834,133583,291,5333,8
cmp_cap_256,sync,4,consumer,1,256,2,balanced,2006216,3787,1005002083,1996230.6884094288,0.18840767899351393,499.91796875,5917,134083,459,1791,8
cmp_cap_1024,spmc,0,producer,0,1024,2,balanced,2010998,2008994,1004998292,2000996.4355242904,49.97507457726284,541,750,14250,250,333,8
cmp_cap_1024,spmc,0,consumer,0,1024,2,balanced,2009994,0,1004997583,1999998.8397982048,0,499.91796875,500,547.28125,,,8
cmp_cap_1024,spmc,0,consumer,1,1024,2,balanced,2010007,0,1005004125,1999998.7562240106,0,499.919921875,500,565.103515625,,,8
cmp_cap_1024,spmc,1,producer,0,1024,2,balanced,2010681,2009331,1005003292,2000671.0584983835,49.983209005346254,521,750,15417,250,250,8
cmp_cap_1024,spmc,1,consumer,0,1024,2,balanced,2009678,326,1005002625,1999674.3789599554,0.016218873196272247,499.91796875,500,817.220703125,500,541,8
cmp_cap_1024,spmc,1,consumer,1,1024,2,balanced,2009677,334,1005006125,1999666.4199434605,0.016616824485040132,499.91796875,500,846.7037037037037,500,584,8
cmp_cap_1024,spmc,2,producer,0,1024,2,balanced,2011012,2009002,1005003791,2000999.4171255818,49.97500008706437,521,750,13000,209,250,8
cmp_cap_1024,spmc,2,consumer,0,1024,2,balanced,2010024,0,1005012625,1999998.75623453,0,499.91796875,500,507.650390625,,,8
cmp_cap_1024,spmc,2,consumer,1,1024,2,balanced,2010008,0,1005004583,1999998.8398062857,0,499.91796875,500,542.96875,,,8
cmp_cap_1024,spmc,3,producer,0,1024,2,balanced,2010992,2009088,1005020291,2000946.6654638916,49.976318879226284,542,750,33334,250,292,8
cmp_cap_1024,spmc,3,consumer,0,1024,2,balanced,2009987,0,1005015708,1999955.8056658753,0,499.91796875,500,557.8165374677003,,,8
cmp_cap_1024,spmc,3,consumer,1,1024,2,balanced,2010033,0,1005017125,1999998.756240099,0,499.919921875,500,555.828125,,,8
cmp_cap_1024,spmc,4,producer,0,1024,2,balanced,2007643,2005646,1003322584,2000994.5275985135,49.975120157058214,542,750,50083,208,334,8
cmp_cap_1024,spmc,4,consumer,0,1024,2,balanced,2006651,0,1003326083,1999998.8378653564,0,499.91796875,500,545.41015625,,,8
cmp_cap_1024,spmc,4,consumer,1,1024,2,balanced,2006639,0,1003320084,1999998.8358650259,0,499.919921875,500,542.88671875,,,8
cmp_cap_1024,sync,0,producer,0,1024,2,balanced,2001543,866555,1000263875,2001014.9821715795,30.213577081396803,512,750,43542,209,333,8
cmp_cap_1024,sync,0,consumer,0,1024,2,balanced,2000525,0,1000263125,1999998.7503288197,0,499.91796875,500.244140625,538.818359375,,,8
cmp_cap_1024,sync,0,consumer,1,1024,2,balanced,2000520,0,1000260583,1999998.8343037607,0,499.91796875,500.08203125,527.75,,,8
cmp_cap_1024,sync,1,producer,0,1024,2,balanced,2011009,733234,1005002333,2000999.3349935836,26.71898953554769,510.5,667,24125,125,333,8
cmp_cap_1024,sync,1,consumer,0,1024,2,balanced,2009988,0,1004994542,1999998.921387177,0,499.91796875,500.244140625,522.787109375,,,8
cmp_cap_1024,sync,1,consumer,1,1024,2,balanced,2009986,0,1004993583,1999998.839793587,0,499.91796875,500.1640625,546.3046875,,,8
cmp_cap_1024,sync,2,producer,0,1024,2,balanced,2011015,1447102,1005005833,2000998.336494232,41.846530929983,521,666,33834,167,292,8
cmp_cap_1024,sync,2,consumer,0,1024,2,balanced,2010012,3,1005008042,1999995.9363509251,0.00014925261751777972,499.91796875,500.162109375,1125,541,667,8
cmp_cap_1024,sync,2,consumer,1,1024,2,balanced,2009992,0,1004996584,1999998.837806995,0,499.91796875,500.244140625,523.6015625,,,8
cmp_cap_1024,sync,3,producer,0,1024,2,balanced,2010306,353502,1005015708,2000273.2136401592,14.95476789993096,505.25,667,30667,125,333,8
cmp_cap_1024,sync,3,consumer,0,1024,2,balanced,2009327,700,1005014083,1999302.332164434,0.03482540284284739,499.91796875,1875,60084,459,1375,8
cmp_cap_1024,sync,3,consumer,1,1024,2,balanced,2009328,687,1005008125,1999315.179665836,0.03417884941157156,499.91796875,1334,5958,208,1042,8
cmp_cap_1024,sync,4,producer,0,1024,2,balanced,2000286,1221092,1000430875,1999424.4979694374,37.90588996386018,520.5,667,59083,125,333,8
cmp_cap_1024,sync,4,consumer,0,1024,2,balanced,1999263,1611,1000437625,1998388.4552522702,0.08051481502583371,499.91796875,6834,51542,417,2209,8
cmp_cap_1024,sync,4,consumer,1,1024,2,balanced,1999296,1567,1000432291,1998432.0957908784,0.07831620655687072,499.91796875,7667,38750,416,2333,8
cmp_cap_4096,spmc,0,producer,0,4096,2,balanced,2014146,2006024,1005042958,2004039.7119025434,49.898984371307684,541,583,65375,209,333,8
cmp_cap_4096,spmc,0,consumer,0,4096,2,balanced,2010070,0,1005035875,1999998.2587686235,0,499.91796875,500,591.064453125,,,8
cmp_cap_4096,spmc,0,consumer,1,4096,2,balanced,2010071,0,1005036291,1999998.4259274872,0,499.91796875,500,569.091796875,,,8
cmp_cap_4096,spmc,1,producer,0,4096,2,balanced,2004269,1996142,1000103500,2004061.5796265088,49.89842293704322,541,625,618917,250,333,8
cmp_cap_4096,spmc,1,consumer,0,4096,2,balanced,2000193,0,1000097292,1999998.4161540954,0,499.919921875,500.08203125,1541.09765625,,,8
cmp_cap_4096,spmc,1,consumer,1,4096,2,balanced,2000194,0,1000097917,1999998.1661795622,0,499.91796875,500.080078125,1940.91796875,,,8
cmp_cap_4096,spmc,2,producer,0,4096,2,balanced,2010850,2002707,1003389750,2004056.74863631,49.89855631799922,500,584,10437.5,125,334,8
cmp_cap_4096,spmc,2,consumer,0,4096,2,balanced,2006774,0,1003387833,1999998.339625073,0,499.91796875,500,504.5731707317073,,,8
cmp_cap_4096,spmc,2,consumer,1,4096,2,balanced,2006780,0,1003390750,1999998.5050689375,0,499.91796875,500,560.87109375,,,8
cmp_cap_4096,spmc,3,producer,0,4096,2,balanced,2014100,2005954,1005013833,2004052.0178591413,49.89868295301506,521,792,53333,209,250,8
cmp_cap_4096,spmc,3,consumer,0,4096,2,balanced,2010025,0,1005013083,1999998.839816098,0,499.91796875,500,525.87890625,,,8
cmp_cap_4096,spmc,3,consumer,1,4096,2,balanced,2010036,0,1005018583,1999998.8398224474,0,499.91796875,500,517.0078125,,,8
cmp_cap_4096,spmc,4,producer,0,4096,2,balanced,2014085,2005961,1005011834,2004041.0787839538,49.898956380101126,500,584,19292,125,334,8
cmp_cap_4096,spmc,4,consumer,0,4096,2,balanced,2010020,0,1005010875,1999998.2587253097,0,499.91796875,500,520.42578125,,,8
cmp_cap_4096,spmc,4,consumer,1,4096,2,balanced,2010010,0,1005005708,1999998.5910527783,0,499.91796875,500,534.912109375,,,8
cmp_cap_4096,sync,0,producer,0,4096,2,balanced,2014088,2005897,1004996916,2004073.8115061042,49.89812151040365,520.5,750,76375,250,292,8
cmp_cap_4096,sync,0,consumer,0,4096,2,balanced,2009993,13,1005003833,1999985.4070208308,0.0006467642385147109,499.91796875,500.08203125,1125,500,583,8
cmp_cap_4096,sync,0,consumer,1,4096,2,balanced,2009993,1,1004997583,1999997.844770936,0.00004975139229271331,499.91796875,500.1640625,1167,,,8
cmp_cap_4096,sync,1,producer,0,4096,2,balanced,2014051,2005841,1004985334,2004060.0910898468,49.89788282869291,541,792,28084,250,292,8
cmp_cap_4096,sync,1,consumer,0,4096,2,balanced,2009957,0,1004979084,1999998.8377867574,0,499.91796875,500.08203125,526.3671875,,,8
cmp_cap_4096,sync,1,consumer,1,4096,2,balanced,2009967,0,1004984250,1999998.5074392958,0,499.91796875,500.162109375,513.998046875,,,8
cmp_cap_4096,sync,2,producer,0,4096,2,balanced,2006767,1998626,1001349208,2004063.102030236,49.89837451655805,542,625,41375,208,375,8
cmp_cap_4096,sync,2,consumer,0,4096,2,balanced,2002683,0,1001348667,1999985.6853057558,0,499.91796875,500.08203125,530.841796875,,,8
cmp_cap_4096,sync,2,consumer,1,4096,2,balanced,2002699,5,1001352625,1999993.7584424866,0.00024966245635900267,499.91796875,500.08203125,1125,500,625,8
cmp_cap_4096,sync,3,producer,0,4096,2,balanced,2007848,1999705,1001891417,2004057.4915914265,49.89840433800875,542,792,34083,250,375,8
cmp_cap_4096,sync,3,consumer,0,4096,2,balanced,2003782,2,1001892625,1999996.7561394116,0.00009981115729040654,499.91796875,500.1640625,1208,,,8
cmp_cap_4096,sync,3,consumer,1,4096,2,balanced,2003782,11,1001897041,1999987.9408766513,0.0005489588994471984,499.91796875,500.162109375,3021,500,875,8
cmp_cap_4096,sync,4,producer,0,4096,2,balanced,2014087,2005853,1004996959,2004072.7307315166,49.897585536102525,500,833,29792,292,417,8
cmp_cap_4096,sync,4,consumer,0,4096,2,balanced,2009992,3,1004998083,1999995.8547184612,0.00014925410262214584,499.91796875,500.162109375,1166,,,8
cmp_cap_4096,sync,4,consumer,1,4096,2,balanced,2009992,12,1005002542,1999986.9811274568,0.0005970137372860949,499.91796875,500.244140625,2180.6666666666665,500,542,8
