scenario,backend,trial,role,thread_id,capacity,num_consumers,ratio,ok_ops,fail_ops,window_ns,throughput_ops_s,fail_rate_pct,lat_p50_ns,lat_p99_ns,lat_max_ns,fail_lat_p50_ns,fail_lat_p99_ns,payload_bytes
rate_max,spmc,0,producer,0,1024,4,max,7932414,191728,1003631375,7903712.655455794,2.3599784444929695,125.244140625,189.37109375,529291,42,84,8
rate_max,spmc,0,consumer,0,1024,4,max,7932222,4717780,1003638375,7903466.226069723,37.294697660917365,194.33333333333334,417,603125,83,125,8
rate_max,spmc,0,consumer,1,1024,4,max,7932392,3913445,1003655333,7903502.0680749975,33.036458293322795,187.5,417,495209,83,125,8
rate_max,spmc,0,consumer,2,1024,4,max,7932418,4272189,1003637750,7903666.4374172855,35.0047240357678,194.33333333333334,416,603166,83,125,8
rate_max,spmc,0,consumer,3,1024,4,max,7932418,10036879,1003637125,7903671.35930728,55.85571322016661,208,334,603291,83,125,8
rate_max,spmc,1,producer,0,1024,4,max,7816465,177971,1004994458,7777620.003552298,2.2261858122324076,126.7890625,192.30078125,61125,42,83,8
rate_max,spmc,1,consumer,0,1024,4,max,7816467,5678819,1004993542,7777629.082516035,42.08001964537839,208,375,493833,83,125,8
rate_max,spmc,1,consumer,1,1024,4,max,7816467,5745040,1004986833,7777681.003707239,42.362843598428995,208,375,562542,83,125,8
rate_max,spmc,1,consumer,2,1024,4,max,7816467,5843712,1004994792,7777619.408797892,42.779175880491756,208,375,562250,83,125,8
rate_max,spmc,1,consumer,3,1024,4,max,7816467,5684925,1004994583,7777621.02624189,42.10621393705182,208,375,615667,83,125,8
rate_max,spmc,2,producer,0,1024,4,max,7983155,160406,1002905125,7960030.117504884,1.9697279850915344,125.080078125,183.267578125,116666,42,84,8
rate_max,spmc,2,consumer,0,1024,4,max,7983138,7202354,1002904292,7960019.778238221,47.429177796807636,208,334,734958,83,125,8
rate_max,spmc,2,consumer,1,1024,4,max,7983121,3682747,1002898666,7960047.481008415,31.56856395083503,187.5,416,748167,83,125,8
rate_max,spmc,2,consumer,2,1024,4,max,7983121,4421819,1002906042,7959988.937827139,35.64562988615826,208,416,748000,83,125,8
rate_max,spmc,2,consumer,3,1024,4,max,7983144,4854295,1002899083,7960067.10477768,37.81357792625149,208,416,748125,83,125,8
rate_max,spmc,3,producer,0,1024,4,max,7834386,290277,1000886083,7827450.229418366,3.5727881882608545,126.220703125,184.490234375,531792,42,84,8
rate_max,spmc,3,consumer,0,1024,4,max,7834396,7078368,1000886083,7827460.2205653805,47.465164740754965,208,334,644291,83,125,8
rate_max,spmc,3,consumer,1,1024,4,max,7834388,3718456,1000886042,7827452.548289209,32.18649883959309,187.5,416,722125,83,125,8
rate_max,spmc,3,consumer,2,1024,4,max,7834389,4497338,1000894459,7827387.722605026,36.469652628541,208,416,718083,83,125,8
rate_max,spmc,3,consumer,3,1024,4,max,7834396,4978345,1000894958,7827390.81397191,38.854644763364846,208,416,689333,83,125,8
rate_max,spmc,4,producer,0,1024,4,max,7753867,274398,1002759750,7732527.158175226,3.417899135118235,127.603515625,192.138671875,734583,42,84,8
rate_max,spmc,4,consumer,0,1024,4,max,7753873,9521995,1002767042,7732476.911621513,55.117317404833145,208,375,1051375,83,125,8
rate_max,spmc,4,consumer,1,1024,4,max,7753874,4255027,1002754625,7732573.659283795,35.432276442282266,198,417,1051500,83,125,8
rate_max,spmc,4,consumer,2,1024,4,max,7753873,4251724,1002772209,7732437.068367139,35.414515413102734,208,417,734583,83,125,8
rate_max,spmc,4,consumer,3,1024,4,max,7753874,4789365,1002759208,7732538.318411533,38.18284097113991,208,417,1051375,83,125,8
rate_max,sync,0,producer,0,1024,4,max,11288,0,1004675625,11235.467168818792,0,86335.53125,143118.814453125,143118.814453125,,,8
rate_max,sync,0,consumer,0,1024,4,max,11288,1126614,1004661833,11235.621409338439,99.00799893136667,63958,453833,5105458,709,3375,8
rate_max,sync,0,consumer,1,1024,4,max,11288,1021172,1004664167,11235.595307143069,98.90668887898805,63584,454083,5099500,833,3625,8
rate_max,sync,0,consumer,2,1024,4,max,11288,1090346,1004667292,11235.560359020825,98.9753402672757,63958,452000,5094250,750,3417,8
rate_max,sync,0,consumer,3,1024,4,max,11288,1526053,1004668375,11235.54824745031,99.26574520552045,64084,455333,5100041,500,3041,8
rate_max,sync,1,producer,0,1024,4,max,9702,0,1001620167,9686.306565750288,0,103029.62109375,124750.40625,124750.40625,,,8
rate_max,sync,1,consumer,0,1024,4,max,9702,1535582,1001568209,9686.809058852627,99.37215424478607,71084,607750,1181083,500,2625,8
rate_max,sync,1,consumer,1,1024,4,max,9702,1243086,1001592083,9686.578163577597,99.22556729470588,70792,603625,1180541,667,3084,8
rate_max,sync,1,consumer,2,1024,4,max,9702,1370220,1001570292,9686.78891286444,99.29691678225291,70959,600958,1182083,583,3083,8
rate_max,sync,1,consumer,3,1024,4,max,9702,1167579,1001578250,9686.711946869853,99.17589768288114,70875,603834,1180667,750,2916,8
rate_max,sync,2,producer,0,1024,4,max,10052,0,1003585334,10016.088975648581,0,101187.826171875,108939.53515625,108939.53515625,,,8
rate_max,sync,2,consumer,0,1024,4,max,10052,1370795,1003582292,10016.119335832203,99.2720410009219,77542,506792,1581958,667,2583,8
rate_max,sync,2,consumer,1,1024,4,max,10052,1198688,1003577750,10016.164666863131,99.16839022453134,77791,518750,1580250,750,2792,8
rate_max,sync,2,consumer,2,1024,4,max,10052,1303697,1003579375,10016.148448646625,99.23486145374801,77666,505500,1578583,708,2667,8
rate_max,sync,2,consumer,3,1024,4,max,10052,2513211,1003566667,10016.275281490593,99.60162694098871,78000,524292,1579041,292,1833,8
rate_max,sync,3,producer,0,1024,4,max,12611,0,1002869083,12574.921506479426,0,79306.396484375,85143.9609375,85143.9609375,,,8
rate_max,sync,3,consumer,0,1024,4,max,12611,1262084,1002867625,12574.939788289606,99.01066529640424,59958,403375,1554375,667,2708,8
rate_max,sync,3,consumer,1,1024,4,max,12611,1614268,1002862458,12575.004577546964,99.22483479103241,60042,404667,1554250,500,2458,8
rate_max,sync,3,consumer,2,1024,4,max,12611,1423582,1002867667,12574.939261652355,99.12191467302793,59958,402459,1553833,584,2375,8
rate_max,sync,3,consumer,3,1024,4,max,12611,1908030,1002868041,12574.934572074972,99.34339629321668,59917,403583,1554584,458,2000,8
rate_max,sync,4,producer,0,1024,4,max,7673,0,1004843417,7636.015592268143,0,127676.7578125,150346.19140625,150346.19140625,,,8
rate_max,sync,4,consumer,0,1024,4,max,7673,1312227,1004841458,7636.030479148482,99.41866808091521,83750,789584,2443000,625,3958,8
rate_max,sync,4,consumer,1,1024,4,max,7673,1259280,1004838375,7636.053907674455,99.39437374551385,83834,789208,2443834,583,4417,8
rate_max,sync,4,consumer,2,1024,4,max,7673,1224889,1004838250,7636.054857585288,99.37747553469927,83500,782834,2443708,625,4667,8
rate_max,sync,4,consumer,3,1024,4,max,7673,2152219,1004843750,7636.013061732235,99.64475075605633,84542,791625,2433333,375,1875,8
rate_balanced,spmc,0,producer,0,1024,4,balanced,2007306,5972703,1003540084,2000225.035355937,74.84581784306258,541,667,416125,83,208,8
rate_balanced,spmc,0,consumer,0,1024,4,balanced,2006290,778,1003534584,1999223.5763346648,0.03876301151729787,499.91796875,511.23046875,1258.869140625,500,542,8
rate_balanced,spmc,0,consumer,1,1024,4,balanced,2006289,794,1003542166,1999207.4752542088,0.03955989861904067,499.91796875,505.53515625,1311.443359375,500,584,8
rate_balanced,spmc,0,consumer,2,1024,4,balanced,2006289,784,1003537083,1999217.6014087563,0.03906185774010213,499.91796875,507.73046875,1264.728515625,500,542,8
rate_balanced,spmc,0,consumer,3,1024,4,balanced,2006289,774,1003532125,1999227.4786420015,0.038563811898281224,499.91796875,511.962890625,1254.96484375,500,542,8
rate_balanced,spmc,1,producer,0,1024,4,balanced,2009708,6030001,1004990084,1999729.1833975946,75.00272708875409,541,667,111833,84,250,8
rate_balanced,spmc,1,consumer,0,1024,4,balanced,2008691,1286,1004989167,1998719.056839346,0.06398083162145636,499.91796875,508.462890625,1144.205078125,500,542,8
rate_balanced,spmc,1,consumer,1,1024,4,balanced,2008690,1274,1004982584,1998731.1541311247,0.06338421981687234,499.91796875,511.23046875,1426.431640625,500,542,8
rate_balanced,spmc,1,consumer,2,1024,4,balanced,2008697,1269,1004983625,1998736.0490575158,0.06313539632013676,499.91796875,505.37109375,1728.515625,500,542,8
rate_balanced,spmc,1,consumer,3,1024,4,balanced,2008847,1133,1004990625,1998871.3825066776,0.056368720086767035,499.91796875,505.533203125,1496.419921875,500,542,8
rate_balanced,spmc,2,producer,0,1024,4,balanced,2009972,6020150,1004994458,1999983.1680663854,74.96959572967883,541,833,611916,84,333,8
rate_balanced,spmc,2,consumer,0,1024,4,balanced,2008967,1022,1004995125,1998981.8358571639,0.05084604940624053,499.91796875,510.580078125,17173.666666666668,500,541,8
rate_balanced,spmc,2,consumer,1,1024,4,balanced,2009181,791,1004986584,1999211.7626119475,0.039353782042734924,499.91796875,508.87109375,1439.291015625,500,542,8
rate_balanced,spmc,2,consumer,2,1024,4,balanced,2008981,1008,1004995125,1998995.7662729956,0.05014952818149751,499.91796875,507.2421875,17173.666666666668,500,542,8
rate_balanced,spmc,2,consumer,3,1024,4,balanced,2008967,1006,1004987125,1998997.748354239,0.05005042356290358,499.91796875,506.591796875,41576.333333333336,500,541,8
rate_balanced,spmc,3,producer,0,1024,4,balanced,1998939,6013364,1004991083,1989011.6776289844,75.05162997455288,541,750,743834,83,209,8
rate_balanced,spmc,3,consumer,0,1024,4,balanced,1997935,12047,1004991583,1988011.6747206629,0.5993586012213045,499.91796875,512.857421875,9559.5703125,500,541,8
rate_balanced,spmc,3,consumer,1,1024,4,balanced,1997935,12040,1004988083,1988018.5982265025,0.5990124255276807,499.91796875,542.3984375,31792,500,542,8
rate_balanced,spmc,3,consumer,2,1024,4,balanced,1997935,12027,1004981667,1988031.2901270068,0.5983695214138377,499.91796875,510.009765625,35104,500,542,8
rate_balanced,spmc,3,consumer,3,1024,4,balanced,1997998,11980,1004989583,1988078.3182207372,0.5960264241698168,499.91796875,512.6953125,17984.14285714286,500,542,8
rate_balanced,spmc,4,producer,0,1024,4,balanced,2008508,6031492,1005000167,1998515.0907940099,75.01855721393035,541,750,387250,84,209,8
rate_balanced,spmc,4,consumer,0,1024,4,balanced,2007505,2496,1005001083,1997515.260389028,0.12417904269699369,499.91796875,508.056640625,2018.880859375,500,542,8
rate_balanced,spmc,4,consumer,1,1024,4,balanced,2007505,2480,1004993084,1997531.1591298473,0.12338400535327379,499.91796875,506.34765625,1474.69140625,500,542,8
rate_balanced,spmc,4,consumer,2,1024,4,balanced,2007833,2142,1004988084,1997867.4692425507,0.10656848965783156,499.91796875,508.30078125,1409.341796875,500,542,8
rate_balanced,spmc,4,consumer,3,1024,4,balanced,2007504,2481,1004993125,1997530.0826062865,0.12343375696833558,499.91796875,504.55859375,1067.546875,500,542,8
rate_balanced,sync,0,producer,0,1024,4,balanced,13603,0,1000860500,13591.304682320862,0,74483.642578125,85771.76288659793,85771.76288659793,,,8
rate_balanced,sync,0,consumer,0,1024,4,balanced,13603,920273,1000848750,13591.464244722292,98.54338263324038,50333,408000,1413250,917,3667,8
rate_balanced,sync,0,consumer,1,1024,4,balanced,13603,1075182,1000854125,13591.391252946078,98.75062569745174,50375,415916,1408042,709,3750,8
rate_balanced,sync,0,consumer,2,1024,4,balanced,13603,1192117,1000843209,13591.539491576847,98.87179444647181,50459,415666,1406666,583,3833,8
rate_balanced,sync,0,consumer,3,1024,4,balanced,13603,1684000,1000858000,13591.338631454213,99.19869368751115,50292,414667,1408000,458,2292,8
rate_balanced,sync,1,producer,0,1024,4,balanced,13380,0,1003813000,13329.175852474515,0,76211.751953125,81347.16796875,81347.16796875,,,8
rate_balanced,sync,1,consumer,0,1024,4,balanced,13380,934376,1003809584,13329.22121213778,98.58824423163767,52709,441750,1468042,916,3709,8
rate_balanced,sync,1,consumer,1,1024,4,balanced,13380,1089642,1003800750,13329.338516632908,98.78696889091967,52750,437375,1493333,709,3792,8
rate_balanced,sync,1,consumer,2,1024,4,balanced,13379,1218603,1003799750,13328.355580881545,98.91402634129395,52542,436208,1481834,583,3750,8
rate_balanced,sync,1,consumer,3,1024,4,balanced,13380,1742911,1003814500,13329.155934687136,99.2381672513268,52709,438167,1487958,417,2167,8
rate_balanced,sync,2,producer,0,1024,4,balanced,13248,0,1002915416,13209.488844869846,0,75342.9375,87517.7421875,87517.7421875,,,8
rate_balanced,sync,2,consumer,0,1024,4,balanced,13248,937883,1002917583,13209.460303180267,98.60713193030193,53542,476500,1662083,916,3708,8
rate_balanced,sync,2,consumer,1,1024,4,balanced,13248,1072767,1002915417,13209.488831698754,98.78012734630737,53417,474375,1666667,709,3833,8
rate_balanced,sync,2,consumer,2,1024,4,balanced,13248,1231919,1002915250,13209.491031271087,98.9360463295285,53417,478875,1662000,583,3667,8
rate_balanced,sync,2,consumer,3,1024,4,balanced,13248,1684646,1002899500,13209.698479259387,99.21973927701022,53500,478000,1662625,458,2292,8
rate_balanced,sync,3,producer,0,1024,4,balanced,12667,0,1001236709,12651.353956699564,0,77859.212890625,87730.79296875,87730.79296875,,,8
rate_balanced,sync,3,consumer,0,1024,4,balanced,12667,945774,1001237583,12651.342913083598,98.67837456870063,56375,461750,1859458,875,3708,8
rate_balanced,sync,3,consumer,1,1024,4,balanced,12667,1093866,1001231625,12651.418197063042,98.85525330017269,56667,468083,1862417,708,3709,8
rate_balanced,sync,3,consumer,2,1024,4,balanced,12667,1230357,1001239250,12651.321849398133,98.98095290195523,56666,484542,1864000,583,3708,8
rate_balanced,sync,3,consumer,3,1024,4,balanced,12667,1700521,1001238125,12651.336064535097,99.26061821586423,56916,474917,1863500,458,2250,8
rate_balanced,sync,4,producer,0,1024,4,balanced,12803,0,1004843834,12741.283338561045,0,78432.779296875,150791.66666666666,150791.66666666666,,,8
rate_balanced,sync,4,consumer,0,1024,4,balanced,12803,948053,1004841875,12741.308178463403,98.66754227480496,55417,495250,2178458,875,3625,8
rate_balanced,sync,4,consumer,1,1024,4,balanced,12803,1094090,1004842625,12741.298668535284,98.84333896772317,55209,493916,2188334,709,3750,8
rate_balanced,sync,4,consumer,2,1024,4,balanced,12803,1241999,1004842875,12741.2954985624,98.97967966260812,55417,496959,2186459,583,3709,8
rate_balanced,sync,4,consumer,3,1024,4,balanced,12803,1709344,1004835000,12741.395353465992,99.2565675287882,55584,491042,2176167,417,2291,8
rate_prod_2x,spmc,0,producer,0,1024,4,prod_2x,2000178,6212806,1000174792,1999828.4459862693,75.64614761212246,541,709,641709,83,250,8
rate_prod_2x,spmc,0,consumer,0,1024,4,prod_2x,1999333,1001,1000167625,1998997.9179739996,0.050041643045611386,499.91796875,510.08984375,1318.765625,500,542,8
rate_prod_2x,spmc,0,consumer,1,1024,4,prod_2x,1999161,1187,1000174583,1998812.0413973767,0.059339674896568,499.91796875,515.0546875,1231.609375,500,542,8
rate_prod_2x,spmc,0,consumer,2,1024,4,prod_2x,1999161,1173,1000167542,1998826.11267543,0.058640207085416736,499.91796875,510.82421875,1212.240234375,500,542,8
rate_prod_2x,spmc,0,consumer,3,1024,4,prod_2x,1999160,1190,1000175542,1998809.1250485708,0.05948958932186867,499.91796875,513.345703125,1334.796875,500,542,8
rate_prod_2x,spmc,1,producer,0,1024,4,prod_2x,2009201,5935708,1004496792,2000206.4874688021,74.71083683903743,541,750,410209,83,208,8
rate_prod_2x,spmc,1,consumer,0,1024,4,prod_2x,2008515,478,1004497167,1999522.8119941526,0.023793014709359364,499.91796875,509.6015625,1449.462890625,500,541,8
rate_prod_2x,spmc,1,consumer,1,1024,4,prod_2x,2008196,781,1004489083,1999221.3295164304,0.03887550728554882,499.91796875,510.498046875,951.25390625,500,542,8
rate_prod_2x,spmc,1,consumer,2,1024,4,prod_2x,2008197,796,1004497083,1999206.4028721524,0.03962184039466539,499.91796875,509.521484375,1094.564453125,500,541,8
rate_prod_2x,spmc,1,consumer,3,1024,4,prod_2x,2008197,782,1004490125,1999220.2511697165,0.038925245112069365,499.91796875,508.462890625,984.212890625,500,542,8
rate_prod_2x,spmc,2,producer,0,1024,4,prod_2x,2005127,7176664,1004467125,1996209.6818250772,78.1619185189469,541,750,169209,83,208,8
rate_prod_2x,spmc,2,consumer,0,1024,4,prod_2x,2004126,4793,1004460125,1995227.0380071085,0.23858602561875317,499.91796875,513.18359375,4366.291015625,500,542,8
rate_prod_2x,spmc,2,consumer,1,1024,4,prod_2x,2004123,4807,1004476792,1995190.9451383322,0.23928160762196793,499.91796875,625,7292,125,542,8
rate_prod_2x,spmc,2,consumer,2,1024,4,prod_2x,2004125,4811,1004468542,1995209.3233398641,0.2394800033450543,499.91796875,510.498046875,4393.63671875,500,541,8
rate_prod_2x,spmc,2,consumer,3,1024,4,prod_2x,2004285,4636,1004461208,1995383.180591679,0.23077064752670715,499.91796875,515.21875,7906.25,500,542,8
rate_prod_2x,spmc,3,producer,0,1024,4,prod_2x,1969016,7719617,1000247292,1968529.19847745,79.67705041567784,541,708,3376000,83,209,8
rate_prod_2x,spmc,3,consumer,0,1024,4,prod_2x,1968012,32525,1000269084,1967482.5819169274,1.625813469083551,499.91796875,514.078125,2796500,500,542,8
rate_prod_2x,spmc,3,consumer,1,1024,4,prod_2x,1968013,32513,1000263584,1967494.399956082,1.6252225664650197,499.91796875,511.80078125,902500,500,542,8
rate_prod_2x,spmc,3,consumer,2,1024,4,prod_2x,1968012,32519,1000266167,1967488.319536454,1.6255184248582002,499.91796875,666,2796500,500,542,8
rate_prod_2x,spmc,3,consumer,3,1024,4,prod_2x,1968680,31840,1000260750,1968166.8005067678,1.5915861875912263,499.91796875,625,1107083,500,541,8
rate_prod_2x,spmc,4,producer,0,1024,4,prod_2x,1984782,7743566,1004991416,1974924.3310949833,79.5979543494949,541,750,1214916,83,208,8
rate_prod_2x,spmc,4,consumer,0,1024,4,prod_2x,1983778,26211,1004995041,1973918.1976719825,1.3040369872670945,499.91796875,500.244140625,9445.3125,500,542,8
rate_prod_2x,spmc,4,consumer,1,1024,4,prod_2x,1983778,26209,1004994084,1973920.0773245548,1.303938781693613,499.91796875,542,7824.298828125,500,542,8
rate_prod_2x,spmc,4,consumer,2,1024,4,prod_2x,1983778,26191,1004985167,1973937.591458999,1.3030549227376143,499.91796875,500.244140625,9445.3125,500,542,8
rate_prod_2x,spmc,4,consumer,3,1024,4,prod_2x,1983777,26204,1004991125,1973924.8941128708,1.3036939155146243,499.91796875,625,15943.197265625,500,541,8
rate_prod_2x,sync,0,producer,0,1024,4,prod_2x,14183,0,1004974542,14112.795307007886,0,66595.703125,131637.37109375,131637.37109375,,,8
rate_prod_2x,sync,0,consumer,0,1024,4,prod_2x,14183,1403343,1004970625,14112.850313410901,98.99945397826919,50584,287416,7033917,500,2458,8
rate_prod_2x,sync,0,consumer,1,1024,4,prod_2x,14183,1507979,1004976834,14112.763120667118,99.06823321039417,50292,282250,7034459,417,2792,8
rate_prod_2x,sync,0,consumer,2,1024,4,prod_2x,14183,1465948,1004976334,14112.770142107645,99.04177400513873,50750,287083,7031750,500,2916,8
rate_prod_2x,sync,0,consumer,3,1024,4,prod_2x,14183,1742923,1004968708,14112.877233984484,99.1928204672911,50583,288750,7036000,458,1833,8
rate_prod_2x,sync,1,producer,0,1024,4,prod_2x,14504,0,1004591250,14437.712850873428,0,70480.46875,91441.244140625,91441.244140625,,,8
rate_prod_2x,sync,1,consumer,0,1024,4,prod_2x,14504,1404938,1004583500,14437.824232629742,98.97819002114916,51792,270375,8074292,500,2458,8
rate_prod_2x,sync,1,consumer,1,1024,4,prod_2x,14504,1490980,1004591458,14437.709861554487,99.03658889765683,52417,270917,8077041,417,2833,8
rate_prod_2x,sync,1,consumer,2,1024,4,prod_2x,14504,1452719,1004592792,14437.690689701863,99.01146587805671,52250,269500,8077333,500,2958,8
rate_prod_2x,sync,1,consumer,3,1024,4,prod_2x,14504,1757473,1004588500,14437.75237323541,99.18147921784538,52209,270625,8077333,458,1833,8
rate_prod_2x,sync,2,producer,0,1024,4,prod_2x,15301,0,1000722125,15289.958738545927,0,64267.47682119205,94832.92578125,94832.92578125,,,8
rate_prod_2x,sync,2,consumer,0,1024,4,prod_2x,15301,1396285,1000720125,15289.989296457888,98.91604195564422,48084,232500,5118000,500,2500,8
rate_prod_2x,sync,2,consumer,1,1024,4,prod_2x,15301,1477552,1000716833,15290.039595046963,98.9750497872195,48166,230292,5118083,417,2916,8
rate_prod_2x,sync,2,consumer,2,1024,4,prod_2x,15301,1461290,1000715667,15290.057410483212,98.96376179998389,48334,231625,5116959,500,2958,8
rate_prod_2x,sync,2,consumer,3,1024,4,prod_2x,15301,1742166,1000722959,15289.945995932727,99.12937198820802,48000,232833,5109667,458,1834,8
rate_prod_2x,sync,3,producer,0,1024,4,prod_2x,14738,0,1004994334,14664.75929405588,0,66929.28125,86235.595703125,86235.595703125,,,8
rate_prod_2x,sync,3,consumer,0,1024,4,prod_2x,14738,1408878,1004986875,14664.868135715702,98.96474892105736,52458,267417,8758750,500,2500,8
rate_prod_2x,sync,3,consumer,1,1024,4,prod_2x,14738,1499071,1004991125,14664.806119556528,99.02642935799695,52500,270250,8750458,417,2875,8
rate_prod_2x,sync,3,consumer,2,1024,4,prod_2x,14738,1471379,1004983292,14664.9204193934,99.00828804192402,52834,266791,8759166,500,2916,8
rate_prod_2x,sync,3,consumer,3,1024,4,prod_2x,14738,1746786,1004992208,14664.790316463826,99.16333810950063,52542,267208,8758958,458,1834,8
rate_prod_2x,sync,4,producer,0,1024,4,prod_2x,14569,0,1004991250,14496.64362749427,0,68335.04296875,97740.396484375,97740.396484375,,,8
rate_prod_2x,sync,4,consumer,0,1024,4,prod_2x,14569,1408603,1004989958,14496.662264161649,98.97630082660423,49250,264542,8424000,500,2458,8
rate_prod_2x,sync,4,consumer,1,1024,4,prod_2x,14569,1497251,1004984084,14496.746995248932,99.03632707597465,49084,263916,8420375,417,2875,8
rate_prod_2x,sync,4,consumer,2,1024,4,prod_2x,14569,1456558,1004979458,14496.813724922922,99.00967081699949,49500,263584,8428792,500,3000,8
rate_prod_2x,sync,4,consumer,3,1024,4,prod_2x,14569,1748627,1004979875,14496.807709706625,99.17371636505527,49292,264083,8426875,458,1833,8
rate_prod_4x,spmc,0,producer,0,1024,4,prod_4x,1981456,8176506,1000039291,1981378.1496711213,80.49356750891566,541,709,2220959,83,167,8
rate_prod_4x,spmc,0,consumer,0,1024,4,prod_4x,1980897,19187,1000042583,1980812.65105488,0.9593097089922222,499.91796875,625,4022.134765625,500,541,8
rate_prod_4x,spmc,0,consumer,1,1024,4,prod_4x,1980472,19621,1000047125,1980378.674654957,0.9810043832961767,499.91796875,625,4815.91796875,500,542,8
rate_prod_4x,spmc,0,consumer,2,1024,4,prod_4x,1980471,19619,1000045625,1980380.6451330658,0.9809058592363343,499.91796875,501.20526315789476,3836.9140625,500,542,8
rate_prod_4x,spmc,0,consumer,3,1024,4,prod_4x,1980451,19605,1000041458,1980368.8978662323,0.9802225537684944,499.91796875,500.9233870967742,3854.57421875,500,542,8
rate_prod_4x,spmc,1,producer,0,1024,4,prod_4x,1971721,8399040,1003351291,1965135.2598897489,80.98769222432182,541,791,3000500,83,250,8
rate_prod_4x,spmc,1,consumer,0,1024,4,prod_4x,1970716,36001,1003359084,1964118.3614379875,1.7940247678172858,499.91796875,709,1069458,500,542,8
rate_prod_4x,spmc,1,consumer,1,1024,4,prod_4x,1971640,35076,1003358583,1965040.2492246383,1.7479304495504098,499.91796875,625,681000,500,541,8
rate_prod_4x,spmc,1,consumer,2,1024,4,prod_4x,1970716,35985,1003351083,1964134.0238629114,1.793241743538275,499.91796875,667,1493542,500,542,8
rate_prod_4x,spmc,1,consumer,3,1024,4,prod_4x,1970717,36000,1003359125,1964119.2778308564,1.7939749351801975,499.91796875,583,1485042,500,542,8
rate_prod_4x,spmc,2,producer,0,1024,4,prod_4x,1996531,8390923,1003019375,1990520.8710449885,80.77939984138558,541,750,1591709,83,250,8
rate_prod_4x,spmc,2,consumer,0,1024,4,prod_4x,1995529,10489,1003015875,1989528.829740606,0.52287666411767,499.91796875,584,3266.27734375,500,541,8
rate_prod_4x,spmc,2,consumer,1,1024,4,prod_4x,1996223,9813,1003018666,1990215.2050278992,0.48917367385231375,499.91796875,625,93958,500,542,8
rate_prod_4x,spmc,2,consumer,2,1024,4,prod_4x,1995542,10503,1003023167,1989527.3266405023,0.5235675171793255,499.91796875,500.08203125,94041,500,541,8
rate_prod_4x,spmc,2,consumer,3,1024,4,prod_4x,1995542,10504,1003023583,1989526.5014920393,0.5236171054901034,499.91796875,500.08203125,93958,500,542,8
rate_prod_4x,spmc,3,producer,0,1024,4,prod_4x,1979015,8234029,1004991750,1969185.3191829685,80.62267233941223,541,667,2531750,83,208,8
rate_prod_4x,spmc,3,consumer,0,1024,4,prod_4x,1978011,31968,1004990167,1968189.406175553,1.5904643779860388,499.919921875,708,123458,500,542,8
rate_prod_4x,spmc,3,consumer,1,1024,4,prod_4x,1978011,31953,1004982583,1968204.2589189827,1.5897299653128114,499.91796875,583,123583,500,541,8
rate_prod_4x,spmc,3,consumer,2,1024,4,prod_4x,1978010,31969,1004990083,1968188.5756478654,1.5905141297496144,499.91796875,584,123083,500,541,8
rate_prod_4x,spmc,3,consumer,3,1024,4,prod_4x,1978011,31960,1004986083,1968197.40438137,1.5900726925910873,499.91796875,625,608542,500,542,8
rate_prod_4x,spmc,4,producer,0,1024,4,prod_4x,1999294,8449320,1004805375,1989732.5887612812,80.86546215603333,542,709,1162500,83,167,8
rate_prod_4x,spmc,4,consumer,0,1024,4,prod_4x,1999294,10318,1004806583,1989730.196662137,0.5134324436756945,499.91796875,500.1640625,388500,500,542,8
rate_prod_4x,spmc,4,consumer,1,1024,4,prod_4x,1998301,11305,1004803583,1988747.8844708698,0.5625480815642468,499.91796875,666,215584,500,542,8
rate_prod_4x,spmc,4,consumer,2,1024,4,prod_4x,1998271,11343,1004807583,1988710.111078053,0.5644367525305855,499.91796875,501.1441647597254,514042,500,542,8
rate_prod_4x,spmc,4,consumer,3,1024,4,prod_4x,1998271,11353,1004812625,1988700.132027103,0.5649315493843624,499.91796875,583,845500,500,541,8
rate_prod_4x,sync,0,producer,0,1024,4,prod_4x,15475,0,1003269291,15424.572583673349,0,64981.037109375,74015.0546875,74015.0546875,,,8
rate_prod_4x,sync,0,consumer,0,1024,4,prod_4x,15476,1411003,1003282292,15425.369433311995,98.91509093369058,50084,229833,4156500,500,2542,8
rate_prod_4x,sync,0,consumer,1,1024,4,prod_4x,15476,1503375,1003275458,15425.474506125116,98.98107187604313,50166,231333,4166333,417,2834,8
rate_prod_4x,sync,0,consumer,2,1024,4,prod_4x,15476,1453614,1003268750,15425.577643079185,98.94655875405863,50417,234000,4157500,500,3042,8
rate_prod_4x,sync,0,consumer,3,1024,4,prod_4x,15476,1753443,1003273917,15425.49819921213,99.12511539533466,50167,231500,4157333,458,1875,8
rate_prod_4x,sync,1,producer,0,1024,4,prod_4x,14814,0,1004996667,14740.347392614785,0,67345.78515625,78969.80859375,78969.80859375,,,8
rate_prod_4x,sync,1,consumer,0,1024,4,prod_4x,14814,1396040,1005003000,14740.254506702966,98.94999766099114,50833,244000,4298291,500,2541,8
rate_prod_4x,sync,1,consumer,1,1024,4,prod_4x,14814,1505129,1004996250,14740.353508781749,99.02535818777415,51125,242000,4297333,417,2875,8
rate_prod_4x,sync,1,consumer,2,1024,4,prod_4x,14814,1471668,1004966541,14740.789265739346,99.00341881031859,51250,243042,4297583,500,2958,8
rate_prod_4x,sync,1,consumer,3,1024,4,prod_4x,14814,1759669,1004996375,14740.351675397835,99.16516529039725,51041,243458,4298084,458,1833,8
rate_prod_4x,sync,2,producer,0,1024,4,prod_4x,14493,0,1002358333,14458.901096400623,0,67140.625,97564.208984375,97564.208984375,,,8
rate_prod_4x,sync,2,consumer,0,1024,4,prod_4x,14493,1403255,1002346209,14459.075985790454,98.97774498712042,47500,326334,4250250,500,2458,8
rate_prod_4x,sync,2,consumer,1,1024,4,prod_4x,14493,1509784,1002346084,14459.077788944602,99.04918856612021,47542,316750,4250542,417,2833,8
rate_prod_4x,sync,2,consumer,2,1024,4,prod_4x,14493,1459698,1002338292,14459.190191249323,99.01688451496447,48125,329500,4250708,500,2875,8
rate_prod_4x,sync,2,consumer,3,1024,4,prod_4x,14493,1756797,1002342208,14459.133701371578,99.18178276849076,47792,315042,4251042,458,1833,8
rate_prod_4x,sync,3,producer,0,1024,4,prod_4x,13753,0,1005041459,13684.012611463822,0,74587.646484375,87562.580078125,87562.580078125,,,8
rate_prod_4x,sync,3,consumer,0,1024,4,prod_4x,13753,1400858,1005019958,13684.305361824467,99.0277892650347,50792,288208,4476542,500,2458,8
rate_prod_4x,sync,3,consumer,1,1024,4,prod_4x,13753,1525208,1005020875,13684.292876006182,99.10634512505516,50791,281583.5,4474416,417,2750,8
rate_prod_4x,sync,3,consumer,2,1024,4,prod_4x,13753,1484856,1005045500,13683.957591969716,99.08228230312243,51166,290125,4477834,500,2834,8
rate_prod_4x,sync,3,consumer,3,1024,4,prod_4x,13753,1733880,1005022083,13684.276427983723,99.21304987946554,51083,292417,4475916,458,1833,8
rate_prod_4x,sync,4,producer,0,1024,4,prod_4x,14920,0,1004996125,14845.82838565671,0,65263.75390625,89592.203125,89592.203125,,,8
rate_prod_4x,sync,4,consumer,0,1024,4,prod_4x,14920,1417591,1004987458,14845.95641590584,98.95847222115573,46959,266250,4093834,500,2459,8
rate_prod_4x,sync,4,consumer,1,1024,4,prod_4x,14920,1536721,1004994292,14845.855462828838,99.0384373705,47083,266083,4092709,416,2750,8
rate_prod_4x,sync,4,consumer,2,1024,4,prod_4x,14920,1462309,1004992000,14845.889320512004,98.99000087325662,47458,269000,4092875,500,2959,8
rate_prod_4x,sync,4,consumer,3,1024,4,prod_4x,14920,1749824,1004988000,14845.948409334242,99.15455159501889,47125,266125,4085458,458,1833,8
rate_prod_8x,spmc,0,producer,0,1024,4,prod_8x,1999082,8566001,1004645584,1989838.0402376805,81.07840705084854,541,667,1642292,83,167,8
rate_prod_8x,spmc,0,consumer,0,1024,4,prod_8x,1998078,11207,1004643084,1988843.6319539726,0.5577605964310688,499.91796875,542,351042,500,542,8
rate_prod_8x,spmc,0,consumer,1,1024,4,prod_8x,1998970,10318,1004644667,1989728.3742810134,0.5135152352475106,499.91796875,625,805500,500,541,8
rate_prod_8x,spmc,0,consumer,2,1024,4,prod_8x,1998100,11200,1004650667,1988850.5185255604,0.5574080525556164,499.91796875,500.244140625,350583,500,542,8
rate_prod_8x,spmc,0,consumer,3,1024,4,prod_8x,1998078,11225,1004652166,1988825.652917569,0.5586514328600515,499.91796875,500.08203125,23080.645161290322,500,542,8
rate_prod_8x,spmc,1,producer,0,1024,4,prod_8x,1991665,7873461,1001872542,1987942.494186052,79.81105360438376,541,667,1150500,83,208,8
rate_prod_8x,spmc,1,consumer,0,1024,4,prod_8x,1990664,13069,1001867083,1986954.1916070718,0.6522326078374714,499.91796875,625,95000,500,542,8
rate_prod_8x,spmc,1,consumer,1,1024,4,prod_8x,1990665,13078,1001872042,1986945.354844027,0.6526785121644842,499.91796875,625,254014,500,541,8
rate_prod_8x,spmc,1,consumer,2,1024,4,prod_8x,1990665,13061,1001863584,1986962.1291674776,0.6518356302208985,499.91796875,542,26855.352941176472,500,542,8
rate_prod_8x,spmc,1,consumer,3,1024,4,prod_8x,1990836,12901,1001869125,1987121.820926461,0.6438469719329434,499.91796875,501.32369942196533,95000,500,541,8
rate_prod_8x,spmc,2,producer,0,1024,4,prod_8x,1984130,8003422,1001654000,1980853.6680330732,80.13397076681052,541,709,2683958,83,208,8
rate_prod_8x,spmc,2,consumer,0,1024,4,prod_8x,1983984,19327,1001656209,1980703.540969115,0.9647528516540866,499.91796875,584,184542,500,542,8
rate_prod_8x,spmc,2,consumer,1,1024,4,prod_8x,1983676,19643,1001660250,1980388.060722186,0.9805228223762665,499.91796875,584,149042,500,542,8
rate_prod_8x,spmc,2,consumer,2,1024,4,prod_8x,1983113,19642,1001692458,1979762.335397358,0.9807490182273918,499.91796875,584,149000,500,541,8
rate_prod_8x,spmc,2,consumer,3,1024,4,prod_8x,1983677,19626,1001652083,1980405.206225683,0.9796820550860255,499.91796875,500.244140625,148541,500,541,8
rate_prod_8x,spmc,3,producer,0,1024,4,prod_8x,1986010,8148337,1003309875,1979458.2406557098,80.40317743215226,541,667,3104000,83,250,8
rate_prod_8x,spmc,3,consumer,0,1024,4,prod_8x,1985007,21631,1003319709,1978439.1577221574,1.0779722102342326,499.91796875,584,36186.1,500,542,8
rate_prod_8x,spmc,3,consumer,1,1024,4,prod_8x,1985006,21627,1003317250,1978443.0099253252,1.0777755573640022,499.91796875,625,5561.5234375,500,542,8
rate_prod_8x,spmc,3,consumer,2,1024,4,prod_8x,1985007,21614,1003311208,1978455.9209269793,1.0771341474050158,499.91796875,502.1551724137931,21283.333333333332,500,542,8
rate_prod_8x,spmc,3,consumer,3,1024,4,prod_8x,1985037,21593,1003315709,1978476.9461832477,1.0760827855658492,499.91796875,583,5561.44140625,500,542,8
rate_prod_8x,spmc,4,producer,0,1024,4,prod_8x,1988709,8241502,1001096709,1986530.354281686,80.56043027851527,541,708,1320667,83,209,8
rate_prod_8x,spmc,4,consumer,0,1024,4,prod_8x,1987705,14478,1001092083,1985536.629201372,0.723110724644051,499.91796875,500.1640625,1830041,500,541,8
rate_prod_8x,spmc,4,consumer,1,1024,4,prod_8x,1987720,14477,1001099083,1985537.7292359383,0.7230557232879682,499.91796875,501.21654501216545,1830000,500,541,8
rate_prod_8x,spmc,4,consumer,2,1024,4,prod_8x,1987705,14493,1001099583,1985521.754033135,0.7238544839221696,499.91796875,625,1830041,500,541,8
rate_prod_8x,spmc,4,consumer,3,1024,4,prod_8x,1987757,14434,1001096125,1985580.5555135878,0.7209102428289809,499.91796875,583,1830000,500,542,8
rate_prod_8x,sync,0,producer,0,1024,4,prod_8x,15225,0,1004989875,15149.406355959556,0,64761.310546875,78420.8673740053,78420.8673740053,,,8
rate_prod_8x,sync,0,consumer,0,1024,4,prod_8x,15225,1422355,1004986125,15149.462884375642,98.94092850484843,46333,251083,4034459,500,2417,8
rate_prod_8x,sync,0,consumer,1,1024,4,prod_8x,15225,1507198,1004995459,15149.322182161222,98.99994942272943,46541,249542,4032708,417,2792,8
rate_prod_8x,sync,0,consumer,2,1024,4,prod_8x,15225,1480321,1004990334,15149.399436910406,98.98197715081983,46458,250000,4033250,500,2875,8
rate_prod_8x,sync,0,consumer,3,1024,4,prod_8x,15225,1756318,1004993500,15149.351712225005,99.14057970932684,46375,248792,4027459,458,1833,8
rate_prod_8x,sync,1,producer,0,1024,4,prod_8x,16142,0,1005063125,16060.682755622936,0,62676.83984375,73102.865234375,73102.865234375,,,8
rate_prod_8x,sync,1,consumer,0,1024,4,prod_8x,16142,1423612,1005063416,16060.678105509713,98.8788362456364,46333,231083,3350833,500,2500,8
rate_prod_8x,sync,1,consumer,1,1024,4,prod_8x,16142,1515680,1005058916,16060.750014778238,98.94622221119687,46250,230584,3353000,417,2750,8
rate_prod_8x,sync,1,consumer,2,1024,4,prod_8x,16142,1448104,1005064541,16060.660128293193,98.89758961267438,46625,233333,3352791,500,2958,8
rate_prod_8x,sync,1,consumer,3,1024,4,prod_8x,16142,1769101,1005064333,16060.663452077748,99.09580936600788,46333,232291,3351834,458,1834,8
rate_prod_8x,sync,2,producer,0,1024,4,prod_8x,15402,0,1002060125,15370.335188220368,0,61969.482421875,87098.21428571429,87098.21428571429,,,8
rate_prod_8x,sync,2,consumer,0,1024,4,prod_8x,15402,1317179,1002062750,15370.294924145219,98.84419783863045,47167,259459,4258541,542,2667,8
rate_prod_8x,sync,2,consumer,1,1024,4,prod_8x,15402,1413313,1002062500,15370.298758809955,98.92196834218161,47208,259250,4258084,458,3000,8
rate_prod_8x,sync,2,consumer,2,1024,4,prod_8x,15402,1374790,1002064375,15370.269998871081,98.89209548033652,47708,261209,4258916,500,3375,8
rate_prod_8x,sync,2,consumer,3,1024,4,prod_8x,15402,1749182,1002061125,15370.3198495002,99.12715971583104,47375,259833,4259542,458,1917,8
rate_prod_8x,sync,3,producer,0,1024,4,prod_8x,16216,0,1004989458,16135.492637177495,0,61229.736328125,75359.29296875,75359.29296875,,,8
rate_prod_8x,sync,3,consumer,0,1024,4,prod_8x,16216,1432906,1004992708,16135.44045734509,98.88097758504804,47750,213209,4016792,500,2458,8
rate_prod_8x,sync,3,consumer,1,1024,4,prod_8x,16216,1495394,1004985667,16135.553503371506,98.92723652264803,47959,214167,4027125,417,2833,8
rate_prod_8x,sync,3,consumer,2,1024,4,prod_8x,16216,1459255,1004993083,16135.434436616913,98.90096111682304,48042,213125,4016542,500,2958,8
rate_prod_8x,sync,3,consumer,3,1024,4,prod_8x,16216,1766702,1004984542,16135.571565836084,99.09047976407216,48042,214042,4007542,458,1833,8
rate_prod_8x,sync,4,producer,0,1024,4,prod_8x,14262,0,1002204583,14230.627400752966,0,67617.1875,93828.61328125,93828.61328125,,,8
rate_prod_8x,sync,4,consumer,0,1024,4,prod_8x,14262,1391117,1002200750,14230.681826969298,98.9851847793371,50417,284584,3738500,500,2500,8
rate_prod_8x,sync,4,consumer,1,1024,4,prod_8x,14262,1485187,1002195166,14230.761117041748,99.04885061112448,50583,290042,3739000,417,2875,8
rate_prod_8x,sync,4,consumer,2,1024,4,prod_8x,14262,1460966,1002203208,14230.646924849994,99.03323418481753,50584,284500,3741791,500,2917,8
rate_prod_8x,sync,4,consumer,3,1024,4,prod_8x,14262,1747532,1002204084,14230.634486219076,99.19048424503659,50542,284791,3741292,458,1833,8
rate_prod_16x,spmc,0,producer,0,1024,4,prod_16x,1990534,7981817,1001843042,1986872.111250337,80.03947113373768,541,625,1404083,83,167,8
rate_prod_16x,spmc,0,consumer,0,1024,4,prod_16x,1989530,14157,1001844083,1985867.8947749997,0.7065474797211341,499.91796875,506.103515625,3239.33984375,500,542,8
rate_prod_16x,spmc,0,consumer,1,1024,4,prod_16x,1989530,14127,1001829084,1985897.6264258665,0.7050607963339035,499.91796875,500.080078125,3215.982421875,500,542,8
rate_prod_16x,spmc,0,consumer,2,1024,4,prod_16x,1989530,14133,1001832125,1985891.5983553631,0.7053581365728667,499.91796875,583,3275.470703125,500,542,8
rate_prod_16x,spmc,0,consumer,3,1024,4,prod_16x,1989826,13871,1001851209,1986149.222683625,0.69227033827969,499.91796875,500.080078125,3215.900390625,500,542,8
rate_prod_16x,spmc,1,producer,0,1024,4,prod_16x,1974033,8382524,1001663500,1970754.6496403234,80.93929285572415,541,750,2462709,83,250,8
rate_prod_16x,spmc,1,consumer,0,1024,4,prod_16x,1973029,30287,1001658625,1969761.9036625377,1.5118433637029804,499.91796875,625,106000,500,541,8
rate_prod_16x,spmc,1,consumer,1,1024,4,prod_16x,1973028,30294,1001661625,1969755.0058384237,1.5121882553079335,499.91796875,667,185542,500,541,8
rate_prod_16x,spmc,1,consumer,2,1024,4,prod_16x,1973028,30281,1001655083,1969767.8706832859,1.5115491419446525,499.91796875,625,584041,500,541,8
rate_prod_16x,spmc,1,consumer,3,1024,4,prod_16x,1973478,29830,1001654667,1970217.945382967,1.489037132582708,499.91796875,625,663000,500,542,8
rate_prod_16x,spmc,2,producer,0,1024,4,prod_16x,1966521,7604763,1005017291,1956703.6483952394,79.45394787157085,541,792,2438791,83,292,8
rate_prod_16x,spmc,2,consumer,0,1024,4,prod_16x,1966222,43816,1005019583,1956401.6793889676,2.1798592862423494,499.91796875,708,5065.837890625,500,542,8
rate_prod_16x,spmc,2,consumer,1,1024,4,prod_16x,1965517,44084,1005052166,1955636.7982594846,2.1936692905706154,499.91796875,584,4851.64453125,500,542,8
rate_prod_16x,spmc,2,consumer,2,1024,4,prod_16x,1965955,44096,1005026084,1956123.3596798866,2.1937751828187446,499.91796875,666,948042,500,542,8
rate_prod_16x,spmc,2,consumer,3,1024,4,prod_16x,1965975,44072,1005024083,1956147.1543364,2.1925855465071216,499.91796875,625,4808.67578125,500,542,8
rate_prod_16x,spmc,3,producer,0,1024,4,prod_16x,2002830,8272036,1005011333,1992843.199112462,80.50748301729676,541,708,1264792,83,167,8
rate_prod_16x,spmc,3,consumer,0,1024,4,prod_16x,2001831,8189,1005010666,1991850.502410489,0.40740888150366666,499.91796875,500.08203125,297042,500,542,8
rate_prod_16x,spmc,3,consumer,1,1024,4,prod_16x,2001825,8175,1005027417,1991811.3338394628,0.40671641791044777,499.91796875,500.244140625,297000,500,542,8
rate_prod_16x,spmc,3,consumer,2,1024,4,prod_16x,2001991,8025,1005008667,1992013.6668831334,0.39925055322942704,499.91796875,542,297041,500,542,8
rate_prod_16x,spmc,3,consumer,3,1024,4,prod_16x,2001831,8157,1004994625,1991882.2948928706,0.4058233183481692,499.91796875,625,493042,500,542,8
rate_prod_16x,spmc,4,producer,0,1024,4,prod_16x,1983793,7853475,1003806292,1976270.736505804,79.83390307146252,541,625,2619542,83,125,8
rate_prod_16x,spmc,4,consumer,0,1024,4,prod_16x,1982780,24843,1003812042,1975250.2630367926,1.2374335221304,499.91796875,667,587542,500,542,8
rate_prod_16x,spmc,4,consumer,1,1024,4,prod_16x,1982966,24652,1003809583,1975440.395850455,1.227922841895221,499.91796875,501.1927083333333,587542,500,541,8
rate_prod_16x,spmc,4,consumer,2,1024,4,prod_16x,1982782,24842,1003812583,1975251.1908888873,1.2373830956394225,499.91796875,625,581000,500,542,8
rate_prod_16x,spmc,4,consumer,3,1024,4,prod_16x,1982782,24846,1003814583,1975247.2553987592,1.237579870374392,499.91796875,584,1063041,500,541,8
rate_prod_16x,sync,0,producer,0,1024,4,prod_16x,15379,0,1005005292,15302.406984738544,0,64474.771484375,77870.28125,77870.28125,,,8
rate_prod_16x,sync,0,consumer,0,1024,4,prod_16x,15379,1418586,1005000292,15302.483116094458,98.92751915144372,50083,222333,3464084,500,2459,8
rate_prod_16x,sync,0,consumer,1,1024,4,prod_16x,15379,1499900,1005002875,15302.443786541407,98.98507139609272,49917,221917,3465958,417,2833,8
rate_prod_16x,sync,0,consumer,2,1024,4,prod_16x,15379,1441801,1005007250,15302.377171905973,98.94460533358954,50250,222667,3459708,500,3083,8
rate_prod_16x,sync,0,consumer,3,1024,4,prod_16x,15379,1762543,1005002750,15302.445689825227,99.13500142300956,50084,225083,3465292,458,1833,8
rate_prod_16x,sync,1,producer,0,1024,4,prod_16x,14349,0,1001864791,14322.291918930207,0,69528.80859375,87059.5703125,87059.5703125,,,8
rate_prod_16x,sync,1,consumer,0,1024,4,prod_16x,14349,1389307,1001872209,14322.185874705703,98.97774098497068,51000,258208,4432916,500,2500,8
rate_prod_16x,sync,1,consumer,1,1024,4,prod_16x,14349,1479416,1001870375,14322.212092557384,99.03940713566057,51250,259583,4453875,417,2875,8
rate_prod_16x,sync,1,consumer,2,1024,4,prod_16x,14349,1467077,1001864875,14322.290718097089,99.03140622616317,51375,254083,4450667,500,2875,8
rate_prod_16x,sync,1,consumer,3,1024,4,prod_16x,14349,1741103,1001867375,14322.254979108387,99.18260368269824,51292,255292,4449875,458,1833,8
rate_prod_16x,sync,2,producer,0,1024,4,prod_16x,14660,0,1004188833,14598.847864304023,0,67847.65625,81828.369140625,81828.369140625,,,8
rate_prod_16x,sync,2,consumer,0,1024,4,prod_16x,14660,1392025,1004172833,14599.080475223333,98.95783348795217,46375,298417,5447167,500,2458,8
rate_prod_16x,sync,2,consumer,1,1024,4,prod_16x,14660,1500924,1004173917,14599.06471559946,99.03271610151599,46416,299084,5447083,417,2791,8
rate_prod_16x,sync,2,consumer,2,1024,4,prod_16x,14660,1455147,1004183083,14598.931457999875,99.00259013598384,46542,300292,5446375,500,2917,8
rate_prod_16x,sync,2,consumer,3,1024,4,prod_16x,14660,1755829,1004174666,14599.05382635893,99.17198017045008,46208,301042,5445167,458,1792,8
rate_prod_16x,sync,3,producer,0,1024,4,prod_16x,14909,0,1004392292,14843.801688593603,0,67855.14453125,94706.29508196721,94706.29508196721,,,8
rate_prod_16x,sync,3,consumer,0,1024,4,prod_16x,14909,1418202,1004393792,14843.779520293969,98.9596758380893,48875,292208,3835167,500,2500,8
rate_prod_16x,sync,3,consumer,1,1024,4,prod_16x,14909,1523080,1004397417,14843.725947176545,99.03061725408959,48792,289250,3834708,416,2750,8
rate_prod_16x,sync,3,consumer,2,1024,4,prod_16x,14909,1474455,1004398125,14843.715483837646,98.99896868730545,49041,291250,3835000,500,2917,8
rate_prod_16x,sync,3,consumer,3,1024,4,prod_16x,14909,1747719,1004389084,14843.849099419323,99.15416071910806,48750,288375,3834000,458,1834,8
rate_prod_16x,sync,4,producer,0,1024,4,prod_16x,15347,0,1004989583,15270.8050507226,0,64405.6796875,76754.802734375,76754.802734375,,,8
rate_prod_16x,sync,4,consumer,0,1024,4,prod_16x,15347,1419873,1004984917,15270.875950867628,98.93068658463511,49209,229291,4287583,500,2458,8
rate_prod_16x,sync,4,consumer,1,1024,4,prod_16x,15347,1507631,1004987958,15270.829742618667,98.9923032374729,49292,228334,4271000,417,2792,8
rate_prod_16x,sync,4,consumer,2,1024,4,prod_16x,15347,1476225,1004987958,15270.829742618667,98.9710855392834,49583,228125,4275666,500,2916,8
rate_prod_16x,sync,4,consumer,3,1024,4,prod_16x,15347,1743722,1004981042,15270.934832221443,99.1275498573393,49500,227125,4273375,458,1833,8
rate_cons_2x,spmc,0,producer,0,1024,4,cons_2x,3948916,3892449,1004985834,3929325.0376303312,49.63994151528465,291,500,2156834,125,209,8
rate_cons_2x,spmc,0,consumer,0,1024,4,cons_2x,3947913,72015,1004982334,3928340.694593742,1.7914499961193333,249.91796875,417,1901042,250,292,8
rate_cons_2x,spmc,0,consumer,1,1024,4,cons_2x,3948935,70955,1004984125,3929350.625314604,1.7650980499466402,249.91796875,417,1901125,250,292,8
rate_cons_2x,spmc,0,consumer,2,1024,4,cons_2x,3947912,72051,1004991083,3928305.5011941832,1.792329929404823,250,417,1391041,250,292,8
rate_cons_2x,spmc,0,consumer,3,1024,4,cons_2x,3947913,72049,1004990833,3928307.4734274717,1.7922806235481827,249.919921875,417,1391083,250,292,8
rate_cons_2x,spmc,1,producer,0,1024,4,cons_2x,3968074,3676617,1001227667,3963208.4997107857,48.093729360676576,291,458,1566542,125,208,8
rate_cons_2x,spmc,1,consumer,0,1024,4,cons_2x,3967071,37842,1001228625,3962202.93841479,0.9448894395458778,249.91796875,458,655542,250,292,8
rate_cons_2x,spmc,1,consumer,1,1024,4,cons_2x,3968092,36802,1001223917,3963241.3215714265,0.9189256944128859,249.919921875,417,1310791,250,292,8
rate_cons_2x,spmc,1,consumer,2,1024,4,cons_2x,3967082,37798,1001220458,3962246.2448724755,0.9437985657497853,249.91796875,458,1310833,250,292,8
rate_cons_2x,spmc,1,consumer,3,1024,4,cons_2x,3967071,37847,1001229917,3962197.825537009,0.9450131063856988,249.919921875,458,875291,250,292,8
rate_cons_2x,spmc,2,producer,0,1024,4,cons_2x,3897457,3260631,1000226875,3896572.965008564,45.55170319224911,291,458,3520583,84,208,8
rate_cons_2x,spmc,2,consumer,0,1024,4,cons_2x,3896745,104157,1000225917,3895864.857898898,2.6033379472928853,250.08203125,417,1541875,250,292,8
rate_cons_2x,spmc,2,consumer,1,1024,4,cons_2x,3896471,104400,1000218125,3895621.2676110025,2.6094317962263713,250,500,2463125,250,292,8
rate_cons_2x,spmc,2,consumer,2,1024,4,cons_2x,3896455,104434,1000222542,3895588.0680401623,2.6102698675219433,249.919921875,459,2166083,250,292,8
rate_cons_2x,spmc,2,consumer,3,1024,4,cons_2x,3896455,104448,1000226083,3895574.2768807597,2.610610654644714,249.919921875,500,2463041,250,292,8
rate_cons_2x,spmc,3,producer,0,1024,4,cons_2x,3939705,3571893,1000836750,3936411.2079217713,47.551706041776995,291,458,2468833,125,209,8
rate_cons_2x,spmc,3,consumer,0,1024,4,cons_2x,3938702,64656,1000839792,3935397.085011184,1.6150441704189333,249.919921875,446.2894736842105,1879291,250,292,8
rate_cons_2x,spmc,3,consumer,1,1024,4,cons_2x,3938701,64620,1000830583,3935432.2968365964,1.6141598437896938,250,375,1879292,250,292,8
rate_cons_2x,spmc,3,consumer,2,1024,4,cons_2x,3938700,64629,1000832666,3935423.1069832006,1.6143814310540052,249.919921875,500,2213042,250,292,8
rate_cons_2x,spmc,3,consumer,3,1024,4,cons_2x,3939138,64181,1000840209,3935831.0793046886,1.603194749156887,249.91796875,500,2438792,250,292,8
rate_cons_2x,spmc,4,producer,0,1024,4,cons_2x,3968882,3523110,1004984875,3949195.752821653,47.025010170859765,291,417,2733250,125,208,8
rate_cons_2x,spmc,4,consumer,0,1024,4,cons_2x,3967879,52075,1004988792,3948182.339530011,1.2954128330821695,249.91796875,375,2477583,250,292,8
rate_cons_2x,spmc,4,consumer,1,1024,4,cons_2x,3967877,52046,1004981250,3948209.9790418977,1.2947014159226433,249.91796875,375,1752375,250,292,8
rate_cons_2x,spmc,4,consumer,2,1024,4,cons_2x,3967914,52045,1004990167,3948211.763946542,1.2946649455877535,249.91796875,375,2477834,250,292,8
rate_cons_2x,spmc,4,consumer,3,1024,4,cons_2x,3968648,51285,1004983667,3948967.6601878544,1.2757675314489072,250,417,1752375,250,292,8
rate_cons_2x,sync,0,producer,0,1024,4,cons_2x,14963,0,1001854625,14935.300618091173,0,66673.259765625,93459.06640625,93459.06640625,,,8
rate_cons_2x,sync,0,consumer,0,1024,4,cons_2x,14963,1401706,1001847041,14935.413678583694,98.94378997493416,47542,253208,5345375,500,2500,8
rate_cons_2x,sync,0,consumer,1,1024,4,cons_2x,14963,1501416,1001840500,14935.511191651765,99.013241412602,47625,259208,5342375,417,2833,8
rate_cons_2x,sync,0,consumer,2,1024,4,cons_2x,14963,1473504,1001852750,14935.328569991947,98.99473753868914,47750,256834,5343583,500,2875,8
rate_cons_2x,sync,0,consumer,3,1024,4,cons_2x,14963,1736930,1001839708,14935.522998854824,99.145895325799,47750,257542,5342500,458,1834,8
rate_cons_2x,sync,1,producer,0,1024,4,cons_2x,15598,0,1004989334,15520.562728678671,0,62197.18359375,83184.408203125,83184.408203125,,,8
rate_cons_2x,sync,1,consumer,0,1024,4,cons_2x,15598,1425311,1004986042,15520.613568879795,98.9174888906933,48625,226250,3812750,500,2500,8
rate_cons_2x,sync,1,consumer,1,1024,4,cons_2x,15598,1509055,1004979375,15520.716532117885,98.97694754150616,48500,224917,3772541,417,2875,8
rate_cons_2x,sync,1,consumer,2,1024,4,cons_2x,15598,1458887,1004985416,15520.62323658635,98.94213911976047,48834,226958,3777417,500,3041,8
rate_cons_2x,sync,1,consumer,3,1024,4,cons_2x,15598,1756746,1004972208,15520.827218736382,99.11992254325345,48792,225417,3778250,458,1834,8
rate_cons_2x,sync,2,producer,0,1024,4,cons_2x,15422,0,1004307792,15355.850191392321,0,64269.48387096774,88733.318359375,88733.318359375,,,8
rate_cons_2x,sync,2,consumer,0,1024,4,cons_2x,15421,1340097,1004297792,15355.007372156007,98.86235372750491,46875,260792,5282000,541,2584,8
rate_cons_2x,sync,2,consumer,1,1024,4,cons_2x,15422,1442736,1004298209,15355.996716708274,98.94236427053859,47041,259375,5281417,458,2917,8
rate_cons_2x,sync,2,consumer,2,1024,4,cons_2x,15422,1415188,1004305625,15355.883324859402,98.92199830841389,47375,257917,5276625,500,3042,8
rate_cons_2x,sync,2,consumer,3,1024,4,cons_2x,15422,1730694,1004305083,15355.891612071031,99.11678261925324,47208,260041,5282083,458,1958,8
rate_cons_2x,sync,3,producer,0,1024,4,cons_2x,14114,0,1001085042,14098.702315841814,0,71573.8125,81813.232421875,81813.232421875,,,8
rate_cons_2x,sync,3,consumer,0,1024,4,cons_2x,14114,1396023,1001088292,14098.656544871468,98.99910434234404,50792,265042,4296583,500,2458,8
rate_cons_2x,sync,3,consumer,1,1024,4,cons_2x,14114,1501163,1001080542,14098.76569152215,99.06855314242874,50833,268959,4294458,417,2792,8
rate_cons_2x,sync,3,consumer,2,1024,4,cons_2x,14114,1453918,1001093000,14098.590240866733,99.03857681576423,51167,266833,4295709,500,3083,8
rate_cons_2x,sync,3,consumer,3,1024,4,cons_2x,14114,1736475,1001088000,14098.66065720496,99.19375707261956,51083,268458,4294750,458,1834,8
rate_cons_2x,sync,4,producer,0,1024,4,cons_2x,13489,0,1004991042,13422.010183449973,0,74714.6796875,99316.9765625,99316.9765625,,,8
rate_cons_2x,sync,4,consumer,0,1024,4,cons_2x,13489,1406479,1004979167,13422.16878014149,99.05004901518907,50958,292458,4915375,500,2459,8
rate_cons_2x,sync,4,consumer,1,1024,4,cons_2x,13489,1514079,1004987667,13422.055257917906,99.11696238727178,50958,290666,4918375,417,2833,8
rate_cons_2x,sync,4,consumer,2,1024,4,cons_2x,13489,1484823,1004963792,13422.374126688934,99.09972021848587,51125,301791,4917208,500,2917,8
rate_cons_2x,sync,4,consumer,3,1024,4,cons_2x,13489,1728311,1004982834,13422.119805083159,99.22557124813412,51000,294334,4918584,458,1834,8
rate_cons_4x,spmc,0,producer,0,1024,4,cons_4x,7507568,406034,1001927292,7493126.557131453,5.130836754236567,126.57692307692308,271,2966417,83,209,8
rate_cons_4x,spmc,0,consumer,0,1024,4,cons_4x,7506555,508795,1001919000,7492177.511355708,6.3477577398366885,208,375,2589875,125,208,8
rate_cons_4x,spmc,0,consumer,1,1024,4,cons_4x,7506551,508796,1001918625,7492176.323201897,6.347772591754293,208,375,2887500,125,209,8
rate_cons_4x,spmc,0,consumer,2,1024,4,cons_4x,7506552,508807,1001920083,7492166.418626425,6.347900324863802,208,375,2933500,125,208,8
rate_cons_4x,spmc,0,consumer,3,1024,4,cons_4x,7506552,508821,1001921875,7492153.018417728,6.3480639017048865,208.33333333333334,375,2887083,125,209,8
rate_cons_4x,spmc,1,producer,0,1024,4,cons_4x,7396553,614037,1004219208,7365476.52253232,7.665315538555836,127.37142857142857,291,1471083,83,208,8
rate_cons_4x,spmc,1,consumer,0,1024,4,cons_4x,7395607,638146,1004219416,7364532.971746486,7.943311177229371,208.33333333333334,375,2225417,125,208,8
rate_cons_4x,spmc,1,consumer,1,1024,4,cons_4x,7395602,638123,1004215875,7364553.961069376,7.9430525690137515,208,375,2225542,125,208,8
rate_cons_4x,spmc,1,consumer,2,1024,4,cons_4x,7395549,638154,1004221959,7364456.566319717,7.943460195130441,208.5,375,2225458,125,209,8
rate_cons_4x,spmc,1,consumer,3,1024,4,cons_4x,7396531,637163,1004211959,7365507.783202969,7.93113354827804,208.5,375,1489125,125,209,8
rate_cons_4x,spmc,2,producer,0,1024,4,cons_4x,7608952,418716,1004986750,7571196.336668121,5.215910772592988,126.87640449438203,291.5,1815834,83,208,8
rate_cons_4x,spmc,2,consumer,0,1024,4,cons_4x,7607949,431973,1004990458,7570170.382652529,5.372850632132999,208,375,1375917,125,208,8
rate_cons_4x,spmc,2,consumer,1,1024,4,cons_4x,7607953,431912,1004983334,7570228.025293801,5.372130004670477,208,375,1821167,125,209,8
rate_cons_4x,spmc,2,consumer,2,1024,4,cons_4x,7608678,431259,1004992292,7570881.94662492,5.3639599414771535,208,375,1779958,125,208,8
rate_cons_4x,spmc,2,consumer,3,1024,4,cons_4x,7607950,431937,1004986083,7570204.332869354,5.372426254249593,208.33333333333334,375,1688292,125,208,8
rate_cons_4x,spmc,3,producer,0,1024,4,cons_4x,7518403,485088,1002522750,7499483.677552454,6.060955150696115,126.9090909090909,292,2326917,83,208,8
rate_cons_4x,spmc,3,consumer,0,1024,4,cons_4x,7517388,502809,1002524916,7498455.0309171565,6.269284906592694,208,375,1971625,125,208,8
rate_cons_4x,spmc,3,consumer,1,1024,4,cons_4x,7517389,502744,1002516916,7498515.865442015,6.268524474594124,208,375,2199417,125,208,8
rate_cons_4x,spmc,3,consumer,2,1024,4,cons_4x,7517389,502815,1002525708,7498450.104583253,6.2693542458521,208,375,2203208,125,208,8
rate_cons_4x,spmc,3,consumer,3,1024,4,cons_4x,7517420,502756,1002522250,7498506.89099419,6.26864048868753,208.5,375,2199500,125,208,8
rate_cons_4x,spmc,4,producer,0,1024,4,cons_4x,7269549,611699,1001118583,7261426.491770556,7.761448440653054,127.5625,291,1463667,83,208,8
rate_cons_4x,spmc,4,consumer,0,1024,4,cons_4x,7269588,739331,1001115042,7261491.132404741,9.231345703458857,208.33333333333334,375,1336250,125,209,8
rate_cons_4x,spmc,4,consumer,1,1024,4,cons_4x,7269566,739407,1001121834,7261419.892276567,9.232232397337336,208,375,1210084,125,209,8
rate_cons_4x,spmc,4,consumer,2,1024,4,cons_4x,7269567,733032,1000325125,7267204.250218147,9.15992416963539,208,375,1336250,125,209,8
rate_cons_4x,spmc,4,consumer,3,1024,4,cons_4x,7269568,739389,1001119917,7261435.794609209,9.232026092785866,208.33333333333334,375,1338000,125,208,8
rate_cons_4x,sync,0,producer,0,1024,4,cons_4x,14561,0,1004988000,14488.730213694094,0,67551.26953125,87928.7109375,87928.7109375,,,8
rate_cons_4x,sync,0,consumer,0,1024,4,cons_4x,14561,1398445,1004981500,14488.823923624464,98.96950189878882,51042,249500,7602958,500,2459,8
rate_cons_4x,sync,0,consumer,1,1024,4,cons_4x,14561,1487294,1004990500,14488.694171735951,99.03046565747026,51084,248917,7607209,417,2875,8
rate_cons_4x,sync,0,consumer,2,1024,4,cons_4x,14561,1471088,1004989708,14488.705589808886,99.01988962399598,51292,249000,7632750,500,3000,8
rate_cons_4x,sync,0,consumer,3,1024,4,cons_4x,14561,1742780,1004984541,14488.780081643066,99.1714186375894,51209,249667,7608833,458,1875,8
rate_cons_4x,sync,1,producer,0,1024,4,cons_4x,14364,0,1004983708,14292.76901272911,0,69662.353515625,82421.548828125,82421.548828125,,,8
rate_cons_4x,sync,1,consumer,0,1024,4,cons_4x,14364,1403795,1004982125,14292.791526018435,98.98713754945673,51375,276416,4124417,500,2500,8
rate_cons_4x,sync,1,consumer,1,1024,4,cons_4x,14364,1504072,1004986416,14292.730499951354,99.05402664320393,51708,272542,4121000,417,2833,8
rate_cons_4x,sync,1,consumer,2,1024,4,cons_4x,14364,1488449,1004978167,14292.847816663067,99.04419245774424,51583,278833,4120333,500,2875,8
rate_cons_4x,sync,1,consumer,3,1024,4,cons_4x,14364,1720255,1004984458,14292.758346318626,99.17192190331133,51583,277000,4119334,458,1875,8
rate_cons_4x,sync,2,producer,0,1024,4,cons_4x,14079,0,1005044167,14008.339595686644,0,69620.361328125,98834.716796875,98834.716796875,,,8
rate_cons_4x,sync,2,consumer,0,1024,4,cons_4x,14079,1410212,1005038791,14008.414526957298,99.01150818196562,50709,283167,4324458,500,2458,8
rate_cons_4x,sync,2,consumer,1,1024,4,cons_4x,14079,1524089,1005046500,14008.307078329211,99.08469035892048,50750,284167,4322541,417,2750,8
rate_cons_4x,sync,2,consumer,2,1024,4,cons_4x,14079,1462556,1005047791,14008.289084434195,99.04654840227951,50792,284459,4322459,500,2959,8
rate_cons_4x,sync,2,consumer,3,1024,4,cons_4x,14079,1748145,1005042250,14008.366314948451,99.20106637975648,50792,281875,4322583,458,1834,8
rate_cons_4x,sync,3,producer,0,1024,4,cons_4x,14508,0,1003722792,14454.19005688973,0,67687.3359375,82230.38671875,82230.38671875,,,8
rate_cons_4x,sync,3,consumer,0,1024,4,cons_4x,14508,1405330,1003725333,14454.153465109364,98.97819328683977,49084,249833,3697791,500,2500,8
rate_cons_4x,sync,3,consumer,1,1024,4,cons_4x,14508,1510241,1003716750,14454.277065716,99.04849913002074,49042,250042,3698709,417,2791,8
rate_cons_4x,sync,3,consumer,2,1024,4,cons_4x,14508,1478836,1003724708,14454.162465431707,99.02848908222084,49292,258083,3696166,500,2875,8
rate_cons_4x,sync,3,consumer,3,1024,4,cons_4x,14508,1728598,1003724959,14454.158850900907,99.16769261307114,49167,249292,3695000,458,1834,8
rate_cons_4x,sync,4,producer,0,1024,4,cons_4x,16194,0,1004104792,16127.798740751354,0,60130.126953125,86994.22265625,86994.22265625,,,8
rate_cons_4x,sync,4,consumer,0,1024,4,cons_4x,16194,1432690,1004108375,16127.741191283261,98.88231217958098,46417,213416,4406583,500,2458,8
rate_cons_4x,sync,4,consumer,1,1024,4,cons_4x,16194,1518480,1004106875,16127.76528394948,98.94479218387748,46583,215042,4410708,417,2791,8
rate_cons_4x,sync,4,consumer,2,1024,4,cons_4x,16194,1446141,1004108958,16127.731827286418,98.89259301049348,46792,212792,4410792,500,3000,8
rate_cons_4x,sync,4,consumer,3,1024,4,cons_4x,16194,1762359,1004099917,16127.877042738566,99.08948454164705,46625,216125,4410416,458,1834,8
cap_1,spmc,0,producer,0,1,4,max,2154680,13825432,1004106375,2145868.260222927,86.51648999706634,458,1500,2450375,42,167,8
cap_1,spmc,0,consumer,0,1,4,max,2154679,14452673,1004109125,2145861.3873268007,87.02575220902165,458,1500,2450292,42,167,8
cap_1,spmc,0,consumer,1,1,4,max,2154679,14335069,1004112292,2145854.619216234,86.93322056831919,458,1541,2450292,42,166,8
cap_1,spmc,0,consumer,2,1,4,max,2154679,14156422,1004105292,2145869.57878517,86.79010693392188,458,1541,2443292,42,166,8
cap_1,spmc,0,consumer,3,1,4,max,2154679,18418369,1004109542,2145860.4961648695,89.52669045442367,458,1542,2450333,42,84,8
cap_1,spmc,1,producer,0,1,4,max,2123309,13516518,1004978500,2112790.4726320016,86.42370532615227,458,1417,2690875,42,208,8
cap_1,spmc,1,consumer,0,1,4,max,2123308,14649076,1004986917,2112771.782480826,87.34045201922397,458,1416,3375250,42,167,8
cap_1,spmc,1,consumer,1,1,4,max,2123309,14624338,1004982500,2112782.0633692625,87.32174734755276,458,1417,2691000,42,125,8
cap_1,spmc,1,consumer,2,1,4,max,2123309,14450001,1004986375,2112773.9169598194,87.18838300858428,458,1417,2690875,42,166,8
cap_1,spmc,1,consumer,3,1,4,max,2123309,18150202,1004985375,2112776.0192530164,89.52668336530363,458,1459,2690916,42,84,8
cap_1,spmc,2,producer,0,1,4,max,2118389,13647202,1002160291,2113822.5282166963,86.56321225128826,458,1375,3353875,42,208,8
cap_1,spmc,2,consumer,0,1,4,max,2118389,14573303,1002161334,2113820.328254652,87.3087222074311,458,1416,3353875,42,167,8
cap_1,spmc,2,consumer,1,1,4,max,2118389,14223438,1002157542,2113828.326604561,87.03701244664994,458,1417,3353958,42,166,8
cap_1,spmc,2,consumer,2,1,4,max,2118389,14327756,1002153416,2113837.029519241,87.11923675730695,458,1416,3520500,42,166,8
cap_1,spmc,2,consumer,3,1,4,max,2118389,18308227,1002161750,2113819.4508022284,89.6292709472778,458,1417,3353917,42,84,8
cap_1,spmc,3,producer,0,1,4,max,2153002,13695583,1004991209,2142309.2866078992,86.41517838974268,458,1375,2819583,42,208,8
cap_1,spmc,3,consumer,0,1,4,max,2153001,14830796,1004997500,2142294.8813305506,87.32320575899489,458,1375,2825125,42,167,8
cap_1,spmc,3,consumer,1,1,4,max,2153001,14600412,1004994959,2142300.2978465687,87.14888124586912,458,1375,3546084,42,166,8
cap_1,spmc,3,consumer,2,1,4,max,2153002,14644909,1004999042,2142292.5893694535,87.18291816166904,458,1375,2819583,42,166,8
cap_1,spmc,3,consumer,3,1,4,max,2153001,17948416,1004998458,2142292.8392194607,89.28930731599668,458,1416,3811292,42,84,8
cap_1,spmc,4,producer,0,1,4,max,2141897,13590018,1004995375,2131250.604013974,86.38502051403151,458,1334,2474583,42,208,8
cap_1,spmc,4,consumer,0,1,4,max,2141896,14598371,1004986500,2131268.429973935,87.20512641763719,458,1334,2474625,42,167,8
cap_1,spmc,4,consumer,1,1,4,max,2141896,14481529,1004990250,2131260.4774026414,87.11519437179763,458,1334,2861375,42,125,8
cap_1,spmc,4,consumer,2,1,4,max,2141896,14541540,1004989125,2131262.863167798,87.16154154336073,458,1333,2474541,42,166,8
cap_1,spmc,4,consumer,3,1,4,max,2141897,18294512,1004994375,2131252.72467321,89.51921054232179,458,1375,2474625,42,84,8
cap_1,sync,0,producer,0,1,4,max,5205,787,1002771791,5190.612706415871,13.134178905206943,203239.75,899675,3333500,65417,262292,8
cap_1,sync,0,consumer,0,1,4,max,5206,1769549,1002775208,5191.592251650482,99.70666373668479,151083,864959,3998459,417,2000,8
cap_1,sync,0,consumer,1,1,4,max,5206,1581813,1002776083,5191.587721583104,99.67196359967964,151542,860750,3996208,459,2333,8
cap_1,sync,0,consumer,2,1,4,max,5206,1974483,1002767291,5191.633240059483,99.73702940209296,151417,858958,3998208,334,2000,8
cap_1,sync,0,consumer,3,1,4,max,5206,2117556,1002774500,5191.595917127928,99.7547534768382,151459,859042,3999333,333,2041,8
cap_1,sync,1,producer,0,1,4,max,5216,838,1001015833,5210.706792087273,13.842087875784607,202166.5,715708,1218625,29375,142875,8
cap_1,sync,1,consumer,0,1,4,max,5216,1674396,1001000625,5210.785957301475,99.68945208774407,149125,811208,3919833,458,2083,8
cap_1,sync,1,consumer,1,1,4,max,5216,1473551,1001008584,5210.744526442542,99.64727370843413,149125,814667,3925166,500,2708,8
cap_1,sync,1,consumer,2,1,4,max,5216,1855242,1001009000,5210.742360957794,99.7196389276189,149083,817500,3924500,375,2208,8
cap_1,sync,1,consumer,3,1,4,max,5216,2011151,1001004666,5210.764921649226,99.74131693287977,149167,817167,3924541,334,2208,8
cap_1,sync,2,producer,0,1,4,max,5378,869,1004989167,5351.301463332092,13.91067712502001,197146,878430.6666666666,3073250,62292,1694083,8
cap_1,sync,2,consumer,0,1,4,max,5378,1786250,1004994916,5351.270851602994,99.6998260799675,147208,735792,5409583,417,2000,8
cap_1,sync,2,consumer,1,1,4,max,5378,1572879,1004987750,5351.30900849289,99.65924434360184,147208,735333,5409000,459,2375,8
cap_1,sync,2,consumer,2,1,4,max,5378,1990086,1004992583,5351.283274097556,99.73048874848156,147542,733667,5409583,334,2041,8
cap_1,sync,2,consumer,3,1,4,max,5378,2102191,1004989875,5351.297693422036,99.74482448735961,147334,735291,5408084,333,2041,8
cap_1,sync,3,producer,0,1,4,max,5143,832,1002383292,5130.771872442582,13.924686192468618,201600,1163305.6666666667,3291417,51167,285125,8
cap_1,sync,3,consumer,0,1,4,max,5143,1784763,1002385458,5130.760785637814,99.71266647522272,148000,1076000,4095500,417,2000,8
cap_1,sync,3,consumer,1,1,4,max,5143,1570980,1002390125,5130.736897472928,99.67369297954538,147709,1071083,4099250,459,2333,8
cap_1,sync,3,consumer,2,1,4,max,5143,2004565,1002388291,5130.74628482467,99.74409217657491,147833,1072834,4097792,334,2000,8
cap_1,sync,3,consumer,3,1,4,max,5143,2102939,1002381042,5130.783389257276,99.75603415806405,147208,1071083,4098500,333,2042,8
cap_1,sync,4,producer,0,1,4,max,5645,861,999855750,5645.814408728459,13.233937903473716,193641.6,706500,1516847,47791,248958,8
cap_1,sync,4,consumer,0,1,4,max,5645,1785680,1000731209,5640.875341182649,99.68487013802631,141500,614584,4074417,417,2000,8
cap_1,sync,4,consumer,1,1,4,max,5645,1555455,1000726541,5640.90165367164,99.63839600281852,141500,615083,4074875,459,2500,8
cap_1,sync,4,consumer,2,1,4,max,5645,1972707,1000731209,5640.875341182649,99.71466149603306,141542,614875,4074542,334,2083,8
cap_1,sync,4,consumer,3,1,4,max,5645,2100365,1000736875,5640.843403517033,99.73195758804565,141792,616208,4074208,333,2041,8
cap_2,spmc,0,producer,0,2,4,max,3399801,9103445,1001672375,3394124.7506201817,72.80865304897624,292,542,1816125,42,208,8
cap_2,spmc,0,consumer,0,2,4,max,3399800,9538042,1001664875,3394149.16590741,73.72204730897161,292,625,2200375,42,84,8
cap_2,spmc,0,consumer,1,2,4,max,3399800,9828247,1001663708,3394153.120300531,74.29854913578701,292,584,3632458,42,84,8
cap_2,spmc,0,consumer,2,2,4,max,3399800,9990856,1001666000,3394145.3538405015,74.61065387685264,292,583,2200917,42,84,8
cap_2,spmc,0,consumer,3,2,4,max,3399800,12526364,1001663458,3394153.967429647,78.65273772139983,292,584,3632209,42,125,8
cap_2,spmc,1,producer,0,2,4,max,3409933,9187166,1000613041,3407843.8519971278,72.93080732317814,292,542,1899500,42,208,8
cap_2,spmc,1,consumer,0,2,4,max,3409934,10351331,1000608250,3407861.1684442936,75.2207809383803,292,584,1898917,42,84,8
cap_2,spmc,1,consumer,1,2,4,max,3409934,9905831,1000612041,3407848.257144849,74.39175293345895,292,584,1899625,42,84,8
cap_2,spmc,1,consumer,2,2,4,max,3409934,10103817,1000600542,3407887.4204727346,74.76693184593974,292,583,1899667,42,125,8
cap_2,spmc,1,consumer,3,2,4,max,3409934,12772589,1000611125,3407851.3768273364,78.92829196040691,292,584,1510708,42,125,8
cap_2,spmc,2,producer,0,2,4,max,3408180,8712066,1004990042,3391257.482728371,71.88027371721664,292,583,1679167,42,208,8
cap_2,spmc,2,consumer,0,2,4,max,3408179,9401140,1004989458,3391258.4583548936,73.39297272556018,292,625,3274167,42,125,8
cap_2,spmc,2,consumer,1,2,4,max,3408179,9038565,1004982708,3391281.2358558513,72.61790714101616,292,625,1637187.5,42,125,8
cap_2,spmc,2,consumer,2,2,4,max,3408179,9846689,1004992125,3391249.45879551,74.28734107348333,292,625,1679208,42,125,8
cap_2,spmc,2,consumer,3,2,4,max,3408181,12350445,1004986417,3391270.710079657,78.3726005046379,292,625,3274209,42,125,8
cap_2,spmc,3,producer,0,2,4,max,3439879,8862711,1000199708,3439192.16581095,72.03939170532384,292,541,2293875,42,208,8
cap_2,spmc,3,consumer,0,2,4,max,3439879,9244698,1000191459,3439220.5302764936,72.88140550528409,292,583,1147750,42,125,8
cap_2,spmc,3,consumer,1,2,4,max,3439879,9310660,1000195000,3439208.3543708976,73.02169735726466,292,583,2294041,42,84,8
cap_2,spmc,3,consumer,2,2,4,max,3439880,9370291,1000198458,3439197.4637497393,73.14727492708724,292,583,1147416.5,42,125,8
cap_2,spmc,3,consumer,3,2,4,max,3439880,11769769,1000192750,3439217.090905728,77.3835674971855,292,584,2293959,42,125,8
cap_2,spmc,4,producer,0,2,4,max,3487495,8745576,1000467208,3485866.375342509,71.49125513944945,292,541,1794833.5,42,208,8
cap_2,spmc,4,consumer,0,2,4,max,3487496,9293421,1000472583,3485848.6471887655,72.71325680309168,292,583,3589875,42,125,8
cap_2,spmc,4,consumer,1,2,4,max,3487496,9396547,1000464500,3485876.810221652,72.93166438516234,292,583,1794875,42,84,8
cap_2,spmc,4,consumer,2,2,4,max,3487496,9908110,1000468542,3485862.7269062097,73.96537342170261,292,583,1794875,42,84,8
cap_2,spmc,4,consumer,3,2,4,max,3487496,12523754,1000473292,3485846.176891247,78.21846514169725,292,583,1794896,42,125,8
cap_2,sync,0,producer,0,2,4,max,8149,33,1002015833,8132.6060244000155,0.4033243705695429,121952.80078125,194309.57142857142,194309.57142857142,32792,121375,8
cap_2,sync,0,consumer,0,2,4,max,8149,1533609,1002015833,8132.6060244000155,99.47144752937879,97292,436917,2630792,541,2209,8
cap_2,sync,0,consumer,1,2,4,max,8149,1373635,1002016250,8132.602639927247,99.41025514841682,97333,434583,2632500,542,2792,8
cap_2,sync,0,consumer,2,2,4,max,8149,1644267,1002008958,8132.661823967446,99.50684331306402,97709,436875,2632709,458,2459,8
cap_2,sync,0,consumer,3,2,4,max,8149,1786932,1002007167,8132.67636038775,99.54603719832141,97458,433250,2632375,375,1834,8
cap_2,sync,1,producer,0,2,4,max,7978,49,1004995500,7938.344002535335,0.6104397657904572,125685.791015625,149173.17708333334,149173.17708333334,24500,110792,8
cap_2,sync,1,consumer,0,2,4,max,7978,1514470,1004987958,7938.403576373997,99.47597553413975,100625,443542,3959583,541,2292,8
cap_2,sync,1,consumer,1,2,4,max,7978,1366134,1004992208,7938.370005750333,99.41940686057615,100584,449375,3959792,583,2917,8
cap_2,sync,1,consumer,2,2,4,max,7978,1659563,1004987209,7938.40949273216,99.52157098386186,100625,442917,3962041,458,2417,8
cap_2,sync,1,consumer,3,2,4,max,7978,1752355,1004988042,7938.402912857743,99.54679029479081,100833,450041,3961583,416,1875,8
cap_2,sync,2,producer,0,2,4,max,7748,31,1003694083,7719.4835869128065,0.398508805759095,126506.021484375,168507.32967032967,168507.32967032967,49792,232625,8
cap_2,sync,2,consumer,0,2,4,max,7748,1519557,1003693666,7719.486794091216,99.49270119589735,100750,468583,4286708,541,2250,8
cap_2,sync,2,consumer,1,2,4,max,7748,1370249,1003698417,7719.450253950136,99.43773462496652,101125,468667,4282667,542,2792,8
cap_2,sync,2,consumer,2,2,4,max,7748,1632249,1003699417,7719.442562952091,99.52756011139044,101000,466958,4283583,458,2584,8
cap_2,sync,2,consumer,3,2,4,max,7748,1769688,1003694083,7719.4835869128065,99.56409119653253,101000,470250,4283791,416,1834,8
cap_2,sync,3,producer,0,2,4,max,7047,51,1004199417,7017.530463274507,0.7185122569737954,136847.0859375,191213.82978723405,191213.82978723405,2875,268041,8
cap_2,sync,3,consumer,0,2,4,max,7047,1512709,1004188083,7017.6096682477755,99.53630714404154,101417,911000,4322709,542,2208,8
cap_2,sync,3,consumer,1,2,4,max,7047,1383300,1004184125,7017.637328214087,99.49314811338465,101167,909250,4305625,583,2667,8
cap_2,sync,3,consumer,2,2,4,max,7047,1679229,1004186875,7017.618110174962,99.58209688093764,101167,908167,4305667,458,2458,8
cap_2,sync,3,consumer,3,2,4,max,7047,1735689,1004183333,7017.6428630288765,99.5956358278018,101458,911750,4306292,416,1833,8
cap_2,sync,4,producer,0,2,4,max,7660,288,1005336791,7619.337189859194,3.623553095118269,125973.55078125,646729.5,646729.5,5500,202583,8
cap_2,sync,4,consumer,0,2,4,max,7660,1185453,1005298000,7619.631193934535,99.35798201846767,87959,689167,7661667,667,3042,8
cap_2,sync,4,consumer,1,2,4,max,7660,1228640,1005296833,7619.640039192285,99.38040928577206,88250,705041,7676208,584,3667,8
cap_2,sync,4,consumer,2,2,4,max,7660,1311238,1005302042,7619.600557819219,99.41921209979847,88250,681250,7662958,583,3292,8
cap_2,sync,4,consumer,3,2,4,max,7660,1395747,1005303833,7619.586983112597,99.4541854216204,87792,699375,7664375,541,2500,8
cap_4,spmc,0,producer,0,4,4,max,3964634,7679343,1004990417,3944947.0690823514,65.95120378544203,194.33333333333334,500,4332958.25,42,208,8
cap_4,spmc,0,consumer,0,4,4,max,3964631,10202157,1004986167,3944960.766808246,72.01460909840678,208.33333333333334,541,8665812.5,42,84,8
cap_4,spmc,0,consumer,1,4,4,max,3964632,10048612,1004994125,3944930.5238475897,71.70796426580455,208,542,4480895.75,42,84,8
cap_4,spmc,0,consumer,2,4,4,max,3964632,10361592,1004971542,3945019.171498092,72.3260504652168,208,542,17331583,42,84,8
cap_4,spmc,0,consumer,3,4,4,max,3964631,14178454,1004993459,3944932.1430857196,78.14797759036018,208,500,4337260.25,42,84,8
cap_4,spmc,1,producer,0,4,4,max,4657790,6666994,1000809292,4654023.535984516,58.870827028577324,194.33333333333334,459,2724385.25,42,209,8
cap_4,spmc,1,consumer,0,4,4,max,4657791,10139917,1000753209,4654285.350385522,68.52356459527381,208.5,500,2726020.75,42,84,8
cap_4,spmc,1,consumer,1,4,4,max,4657791,9909818,1000821625,4653967.184212272,68.02638648524957,208,541,10896916,42,84,8
cap_4,spmc,1,consumer,2,4,4,max,4657787,10066319,1000797166,4654076.928111525,68.366249197065,208.33333333333334,500,2211333.5,42,84,8
cap_4,spmc,1,consumer,3,4,4,max,4657791,14203563,1000818584,4653981.325350769,75.30510800019977,208,500,3632514,42,84,8
cap_4,spmc,2,producer,0,4,4,max,4562585,7613315,1004981333,4539969.898127452,62.52773922256261,194.33333333333334,458,3493135.5,42,209,8
cap_4,spmc,2,consumer,0,4,4,max,4562585,10369678,1004985209,4539952.388493312,69.44478542870561,208.5,500,13972208,42,125,8
cap_4,spmc,2,consumer,1,4,4,max,4562584,9551064,1004990875,4539925.797833737,67.67253937465352,208,541,5090198,42,125,8
cap_4,spmc,2,consumer,2,4,4,max,4562584,10066079,1004984334,4539955.346209407,68.81065617548234,208.5,500,13972292,42,125,8
cap_4,spmc,2,consumer,3,4,4,max,4562584,14689103,1004988583,4539936.151692581,76.30034188692139,208,500,13972209,42,84,8
cap_4,spmc,3,producer,0,4,4,max,4938034,6086420,1005006375,4913435.499351932,55.20835771095784,208,500,2251885.5,42,250,8
cap_4,spmc,3,consumer,0,4,4,max,4938035,9214869,1005006666,4913435.071683395,65.10938673787372,222,542,2251864.5,42,125,8
cap_4,spmc,3,consumer,1,4,4,max,4938034,8568828,1005007292,4913431.01618013,63.44055340167094,208.5,583,2446187.5,42,125,8
cap_4,spmc,3,consumer,2,4,4,max,4938033,8999748,1005009458,4913419.431720412,64.57088111802015,209,542,3030177,42,125,8
cap_4,spmc,3,consumer,3,4,4,max,4938031,13516693,1005003833,4913444.942055261,73.24245542767261,209,541,2324500,42,125,8
cap_4,spmc,4,producer,0,4,4,max,5490148,5853027,1004118791,5467627.983071975,51.59954774567086,187.5,417,1196167,42,209,8
cap_4,spmc,4,consumer,0,4,4,max,5490151,9848632,1004122500,5467610.774581786,64.20738855227302,208.5,500,1732167,42,125,8
cap_4,spmc,4,consumer,1,4,4,max,5490149,9481508,1004117291,5467637.1467842795,63.329716944490514,208,500,1619500,42,125,8
cap_4,spmc,4,consumer,2,4,4,max,5490151,9854875,1004123125,5467607.371356973,64.22195048740875,208,500,1196167,42,125,8
cap_4,spmc,4,consumer,3,4,4,max,5490151,14290315,1004114458,5467654.56493407,72.2445821043852,208,500,1732208,42,84,8
cap_4,sync,0,producer,0,4,4,max,7218,16,1004320958,7186.945510301698,0.2211777716339508,138645.1015625,159698.15555555557,159698.15555555557,27166,273166,8
cap_4,sync,0,consumer,0,4,4,max,7218,1977827,1004317291,7186.971751539822,99.63638103922078,111792,502792,6638250,334,2042,8
cap_4,sync,0,consumer,1,4,4,max,7218,1382183,1004316125,7186.980095535158,99.48049555168018,111167,502583,6647542,542,2792,8
cap_4,sync,0,consumer,2,4,4,max,7218,1450582,1004307375,7187.042711898835,99.50487035258608,111791,505542,6657000,500,2792,8
cap_4,sync,0,consumer,3,4,4,max,7218,1364348,1004315375,7186.985462609292,99.47374023561389,111708,506416,6647208,625,2125,8
cap_4,sync,1,producer,0,4,4,max,6879,23,1003159208,6857.336248465159,0.3332367429730513,147042.154296875,155277.505859375,155277.505859375,3333,188042,8
cap_4,sync,1,consumer,0,4,4,max,6879,1958998,1003157458,6857.34821103229,99.65007983714139,119208,508375,2372708,334,2083,8
cap_4,sync,1,consumer,1,4,4,max,6879,1377614,1003150125,6857.398338060318,99.50313941637842,119166,508833,2374250,542,2792,8
cap_4,sync,1,consumer,2,4,4,max,6879,1452494,1003156250,6857.356468645837,99.52863318699194,119417,507000,2374291,500,2750,8
cap_4,sync,1,consumer,3,4,4,max,6879,1348660,1003156000,6857.358177591521,99.49252658905424,119583,507833,2371333,625,2125,8
cap_4,sync,2,producer,0,4,4,max,6530,14,1003329583,6508.329975156329,0.2139364303178484,152217.85546875,176315.6168224299,176315.6168224299,26958,126542,8
cap_4,sync,2,consumer,0,4,4,max,6530,1938571,1003329667,6508.329430270898,99.66428478521166,126125,568500,2356541,375,2083,8
cap_4,sync,2,consumer,1,4,4,max,6530,1359301,1003328250,6508.33862198139,99.52190278299439,126458,570250,2355709,542,2875,8
cap_4,sync,2,consumer,2,4,4,max,6530,1448466,1003305709,6508.484843077874,99.55120151533062,126417,570250,2355417,500,2667,8
cap_4,sync,2,consumer,3,4,4,max,6530,1347072,1003324500,6508.362947381431,99.51758345510719,126500,569584,2357125,625,2125,8
cap_4,sync,3,producer,0,4,4,max,7149,5,1005005958,7113.390665092953,0.06989097008666481,143121.09375,157120.7117647059,157120.7117647059,58375,124000,8
cap_4,sync,3,consumer,0,4,4,max,7149,1986706,1005000500,7113.429296801345,99.64144835005555,114417,498834,1821166,334,2042,8
cap_4,sync,3,consumer,1,4,4,max,7149,1386455,1005004250,7113.402754266959,99.48701352751571,115000,504500,1824000,542,2709,8
cap_4,sync,3,consumer,2,4,4,max,7149,1460026,1005005125,7113.396561037437,99.51273706272258,114583,504583,1822334,500,2708,8
cap_4,sync,3,consumer,3,4,4,max,7149,1347291,1005005250,7113.395676291243,99.47218038451315,114792,504833,1822917,625,2166,8
cap_4,sync,4,producer,0,4,4,max,6719,1,1000238583,6717.39734318967,0.014880952380952382,148746.255859375,169599.3076923077,169599.3076923077,,,8
cap_4,sync,4,consumer,0,4,4,max,6719,1905599,1000225833,6717.482970668285,99.6486463025501,122083,520917,2073000,375,2125,8
cap_4,sync,4,consumer,1,4,4,max,6719,1363329,1000230166,6717.45387051244,99.50957922642127,122291,525916,2070750,542,2875,8
cap_4,sync,4,consumer,2,4,4,max,6719,1416323,1000236542,6717.411050155374,99.52784246705298,122291,521125,2072625,500,3000,8
cap_4,sync,4,consumer,3,4,4,max,6719,1374597,1000235792,6717.4160870260075,99.51357980360757,122542,525209,2070292,584,2125,8
cap_16,spmc,0,producer,0,16,4,max,7334354,1111289,1000993875,7327071.806508306,13.158133726467009,127.625,250,575708,42,84,8
cap_16,spmc,0,consumer,0,16,4,max,7334353,5345120,1000986750,7327122.961417821,42.15569527219309,167,417,1666667,83,125,8
cap_16,spmc,0,consumer,1,16,4,max,7334354,5253029,1000986167,7327128.227936841,41.73249515010388,167,417,1878084,83,84,8
cap_16,spmc,0,consumer,2,16,4,max,7334353,5902838,1000995250,7327060.742795733,44.59282940013482,187.5,417,1878000,83,84,8
cap_16,spmc,0,consumer,3,16,4,max,7334353,6562787,1000990041,7327098.871705958,47.224011559212904,166.66666666666666,334,1878083,42,125,8
cap_16,spmc,1,producer,0,16,4,max,7208896,1222183,1002656166,7189798.701143179,14.496163539684542,128.8181818181818,257.3529411764706,1684042,42,84,8
cap_16,spmc,1,consumer,0,16,4,max,7208895,5509619,1002651041,7189834.454079024,43.31967555329184,180.33333333333334,417,1051166,83,84,8
cap_16,spmc,1,consumer,1,16,4,max,7208897,5397628,1002649750,7189845.706339627,42.81614481389598,180.33333333333334,417,1684000,42,84,8
cap_16,spmc,1,consumer,2,16,4,max,7208896,5719282,1002646792,7189865.92040081,44.23888656236014,187.5,417,1683959,83,84,8
cap_16,spmc,1,consumer,3,16,4,max,7208895,6264682,1002654500,7189809.650283323,46.496056689326075,167,375,1684042,42,125,8
cap_16,spmc,2,producer,0,16,4,max,7239373,1062939,1005017417,7203231.384396993,12.802927666413884,128.74358974358975,270.5,1785709,42,125,8
cap_16,spmc,2,consumer,0,16,4,max,7239371,5397288,1005012125,7203267.323764875,42.71135273967589,180.33333333333334,417,905166,83,84,8
cap_16,spmc,2,consumer,1,16,4,max,7239371,5535716,1005007917,7203297.484073452,43.3321197734309,180.33333333333334,417,905375,83,84,8
cap_16,spmc,2,consumer,2,16,4,max,7239370,6011878,1004999750,7203355.025710206,45.36839096211919,187.5,417,905209,83,125,8
cap_16,spmc,2,consumer,3,16,4,max,7239370,6224769,1005012583,7203263.046110538,46.23220987246196,166.75,334,896833.5,42,125,8
cap_16,spmc,3,producer,0,16,4,max,7516972,1056848,1004994208,7479617.235764208,12.326454252596859,125.875,250,1745875,42,125,8
cap_16,spmc,3,consumer,0,16,4,max,7516961,5538202,1004992584,7479618.376965058,42.42154617295854,167,417,1745875,83,125,8
cap_16,spmc,3,consumer,1,16,4,max,7516961,4999464,1004994209,7479606.28298506,39.94322660024727,167,417,1745917,83,125,8
cap_16,spmc,3,consumer,2,16,4,max,7516963,5377596,1004989417,7479643.937384865,41.70438089429813,180.33333333333334,417,1118917,83,125,8
cap_16,spmc,3,consumer,3,16,4,max,7516961,6850611,1004988750,7479646.911470402,47.68106260403637,166.66666666666666,334,1745834,42,125,8
cap_16,spmc,4,producer,0,16,4,max,7434042,1270592,1001458958,7423211.845692033,14.596730890695692,126.10666666666667,250,1204375,42,84,8
cap_16,spmc,4,consumer,0,16,4,max,7434043,5437974,1001452250,7423262.566937165,42.24647932021842,167,417,1716250,83,84,8
cap_16,spmc,4,consumer,1,16,4,max,7434043,5234971,1001452417,7423261.329050245,41.32106097601597,167,417,1514500,83,125,8
cap_16,spmc,4,consumer,2,16,4,max,7434043,5750017,1001461416,7423194.624604489,43.613401334641985,180.66666666666666,417,1716167,83,84,8
cap_16,spmc,4,consumer,3,16,4,max,7434043,6800539,1001455625,7423237.549841512,47.77477132802354,166.66666666666666,334,1716250,42,125,8
cap_16,sync,0,producer,0,16,4,max,8070,143,1000451375,8066.359047185077,1.741142091805674,121940.591796875,137705.158203125,137705.158203125,40583,188666,8
cap_16,sync,0,consumer,0,16,4,max,8070,1524577,1000444209,8066.416825048562,99.4734599682771,101250,439167,7439417,541,2292,8
cap_16,sync,0,consumer,1,16,4,max,8070,1352524,1000452208,8066.352330945128,99.40687670238147,102167,436417,2038625,542,2791,8
cap_16,sync,0,consumer,2,16,4,max,8070,1659778,1000447333,8066.391636829922,99.51614295787145,101917,440166,7442583,458,2417,8
cap_16,sync,0,consumer,3,16,4,max,8070,1784461,1000441125,8066.441690909098,99.54979858088926,101292,440333,7441791,375,1875,8
cap_16,sync,1,producer,0,16,4,max,8033,29,1004988833,7993.123641006666,0.3597122302158274,124077.474609375,137510.39387308533,137510.39387308533,125,42291,8
cap_16,sync,1,consumer,0,16,4,max,8033,1519380,1004989625,7993.117341883007,99.47407806533008,101083,469583,2227417,541,2333,8
cap_16,sync,1,consumer,1,16,4,max,8033,1355653,1004990709,7993.108720371265,99.41093477530751,101667,467666,2238708,542,2917,8
cap_16,sync,1,consumer,2,16,4,max,8033,1679287,1004995292,7993.072270034077,99.5239195884598,101708,466750,2230625,458,2375,8
cap_16,sync,1,consumer,3,16,4,max,8033,1768410,1004992916,7993.09116722172,99.54780423576777,101458,467125,2223250,416,1875,8
cap_16,sync,2,producer,0,16,4,max,8210,0,1002134708,8192.511380416134,0,122878.337890625,129619.46484375,129619.46484375,,,8
cap_16,sync,2,consumer,0,16,4,max,8210,1530806,1002119916,8192.632307688813,99.46654225817015,98583,435792,2011458,541,2250,8
cap_16,sync,2,consumer,1,16,4,max,8210,1371187,1002134583,8192.512402298764,99.40481239266144,98750,434917,2013083,542,2750,8
cap_16,sync,2,consumer,2,16,4,max,8210,1683793,1002133875,8192.518190246787,99.51477627403735,99041,435416,2013916,417,2334,8
cap_16,sync,2,consumer,3,16,4,max,8210,1753907,1002140166,8192.46676118159,99.53408315111881,98750,432625,2013584,416,1917,8
cap_16,sync,3,producer,0,16,4,max,7965,0,1002260291,7947.037382926707,0,125671.3046875,131209.064453125,131209.064453125,,,8
cap_16,sync,3,consumer,0,16,4,max,7965,1500997,1002254667,7947.081976521243,99.47215370565992,101667,460125,2158584,541,2333,8
cap_16,sync,3,consumer,1,16,4,max,7965,1341527,1002258042,7947.055215546976,99.40977790161038,102250,461375,2158542,583,3000,8
cap_16,sync,3,consumer,2,16,4,max,7965,1655326,1002262333,7947.021191706303,99.52113009689826,101875,461000,2156750,458,2417,8
cap_16,sync,3,consumer,3,16,4,max,7965,1770811,1002264042,7947.007640926621,99.55222017836985,101875,462958,2157625,416,1875,8
cap_16,sync,4,producer,0,16,4,max,8332,0,1002347500,8312.486438086591,0,119365.15234375,134025.3,134025.3,,,8
cap_16,sync,4,consumer,0,16,4,max,8332,1522239,1002347875,8312.483328205788,99.45562799765578,97166,426500,2318375,541,2292,8
cap_16,sync,4,consumer,1,16,4,max,8332,1349197,1002314708,8312.758391648784,99.3862377893953,97500,433333,2319209,542,2958,8
cap_16,sync,4,consumer,2,16,4,max,8332,1638770,1002345542,8312.502675848684,99.49414183213912,97375,430209,2319584,458,2583,8
cap_16,sync,4,consumer,3,16,4,max,8332,1798297,1002346833,8312.491969533663,99.53880957296711,97375,431541,2317958,375,1875,8
cap_64,spmc,0,producer,0,64,4,max,8490365,663978,1000299875,8487819.715062946,7.253147495128815,111.24609375,2239.75,1107042,42,42,8
cap_64,spmc,0,consumer,0,64,4,max,8490333,5206820,1000292750,8487848.18244459,38.01388507524155,167,417,1958792,83,84,8
cap_64,spmc,0,consumer,1,64,4,max,8490363,4279447,1000299959,8487817.002899628,33.512221403450795,167,416,1451042,83,125,8
cap_64,spmc,0,consumer,2,64,4,max,8490364,4903816,1000298584,8487829.669865852,36.6115432225041,167,416,1107333,83,125,8
cap_64,spmc,0,consumer,3,64,4,max,8490364,6476510,1000295167,8487858.664221657,43.27229587153603,166.66666666666666,333,1959834,42,125,8
cap_64,spmc,1,producer,0,64,4,max,8340645,743060,1004225875,8305546.797427421,8.180142353808275,112.875,1604.2,1650500,42,42,8
cap_64,spmc,1,consumer,0,64,4,max,8340647,5048937,1004216916,8305622.88596222,37.7079452207029,167,417,2000417,83,84,8
cap_64,spmc,1,consumer,1,64,4,max,8340659,4753794,1004223750,8305578.313597941,36.30387615274957,167,416,1420875,83,84,8
cap_64,spmc,1,consumer,2,64,4,max,8340647,5081078,1004219959,8305597.718158876,37.85711598173856,167,416,1650583,83,125,8
cap_64,spmc,1,consumer,3,64,4,max,8340647,6339666,1004223750,8305566.364069761,43.184814928673525,166.66666666666666,333,2000417,42,125,8
cap_64,spmc,2,producer,0,64,4,max,8420402,635011,1004985417,8378631.030424195,7.012501804169506,113.28125,1798.342541436464,403687.5,42,42,8
cap_64,spmc,2,consumer,0,64,4,max,8420416,4670899,1004988417,8378619.949805849,35.67937216391172,167,416,1989209,83,84,8
cap_64,spmc,2,consumer,1,64,4,max,8420416,4717973,1004984917,8378649.129517234,35.90982882300106,167,417,1669250,83,84,8
cap_64,spmc,2,consumer,2,64,4,max,8420416,5285317,1004994000,8378573.404418335,38.562818931318745,167,416,1989209,83,125,8
cap_64,spmc,2,consumer,3,64,4,max,8420416,6505507,1004991875,8378591.120450601,43.585291174287846,166.66666666666666,333,1989167,42,125,8
cap_64,spmc,3,producer,0,64,4,max,8345508,587693,1005013084,8303879.952273338,6.578750438952398,113.201171875,1520.75,1125666,42,83,8
cap_64,spmc,3,consumer,0,64,4,max,8345511,5072544,1005011375,8303897.057881559,37.80386948779089,167,416,1125833,83,84,8
cap_64,spmc,3,consumer,1,64,4,max,8345512,4518891,1005003000,8303967.251839049,35.127094510332114,167,416,742667,83,125,8
cap_64,spmc,3,consumer,2,64,4,max,8345498,5425309,1005009000,8303903.746135606,39.397175488698664,167,416,1125583,83,125,8
cap_64,spmc,3,consumer,3,64,4,max,8345511,6160601,1004994125,8304039.588291125,42.46900203169533,166.66666666666666,333,877937.5,42,125,8
cap_64,spmc,4,producer,0,64,4,max,8362511,707657,1003887042,8330131.4292689115,7.80202748174014,110.7578125,3833.25,1733750,42,83,8
cap_64,spmc,4,consumer,0,64,4,max,8362505,4990182,1003893042,8330075.6655707555,37.37211843578749,167,416,1815000,83,84,8
cap_64,spmc,4,consumer,1,64,4,max,8362505,4614429,1003888459,8330113.694433856,35.55869976683244,167,416,888042,83,84,8
cap_64,spmc,4,consumer,2,64,4,max,8362505,5175719,1003893459,8330072.205401231,38.23041338361664,180.33333333333334,416,1733916,83,84,8
cap_64,spmc,4,consumer,3,64,4,max,8362505,6446243,1003883542,8330154.49515159,43.529966206461204,167,333,1733708,42,125,8
cap_64,sync,0,producer,0,64,4,max,7013,0,1004988916,6978.186414147477,0,143088.0546875,164748.6171875,164748.6171875,,,8
cap_64,sync,0,consumer,0,64,4,max,7013,1768853,1004976458,6978.272917911476,99.60509407804417,117791,509167,2121208,334,2291,8
cap_64,sync,0,consumer,1,64,4,max,7013,1662342,1004986292,6978.2046340588295,99.57989762513067,117833,509917,2117792,417,2542,8
cap_64,sync,0,consumer,2,64,4,max,7013,1346266,1004975000,6978.283041866713,99.48177722406096,117958,509000,2119333,542,3083,8
cap_64,sync,0,consumer,3,64,4,max,7013,1209687,1004974791,6978.284493108245,99.4236048327443,117792,508791,2118875,667,2500,8
cap_64,sync,1,producer,0,64,4,max,6247,0,1006940416,6203.942061254993,0,153835.369140625,265459.5436893204,265459.5436893204,,,8
cap_64,sync,1,consumer,0,64,4,max,6247,1533918,1006876458,6204.336143094131,99.59439410712488,116583,760416,19835625,375,2583,8
cap_64,sync,1,consumer,1,64,4,max,6247,1599506,1006877208,6204.331521624829,99.61096133714213,117083,789292,19838875,417,2750,8
cap_64,sync,1,consumer,2,64,4,max,6247,1323480,1006924958,6204.037302251475,99.53020432013489,117041,795084,19840125,541,3250,8
cap_64,sync,1,consumer,3,64,4,max,6247,1149449,1006902875,6204.173366770851,99.45945992717809,117333,789459,19839458,667,2792,8
cap_64,sync,2,producer,0,64,4,max,6434,0,1002119083,6420.3946508421095,0,157121.17578125,192296.26551724138,192296.26551724138,,,8
cap_64,sync,2,consumer,0,64,4,max,6434,1772009,1002119416,6420.392517372401,99.6382228724789,120083,635083,4359875,334,2250,8
cap_64,sync,2,consumer,1,64,4,max,6434,1694003,1002123625,6420.36555120632,99.62162667596624,120000,632542,4363042,417,2417,8
cap_64,sync,2,consumer,2,64,4,max,6434,1338078,1002124791,6420.358080932857,99.52146206207159,120625,625125,4371541,542,2958,8
cap_64,sync,2,consumer,3,64,4,max,6434,1171806,1002125666,6420.3524750358,99.45393128734383,120458,638209,4366834,708,2500,8
cap_64,sync,3,producer,0,64,4,max,6907,0,1002935667,6886.782699293513,0,145088.623046875,157800.130859375,157800.130859375,,,8
cap_64,sync,3,consumer,0,64,4,max,6907,1779306,1002934625,6886.789854323755,99.61331599310944,113917,537500,4360792,334,2250,8
cap_64,sync,3,consumer,1,64,4,max,6907,1672294,1002935292,6886.785274278692,99.58867342265756,113542,537334,4360959,417,2541,8
cap_64,sync,3,consumer,2,64,4,max,6907,1333645,1002935792,6886.781840965548,99.48476448507779,113792,537333,4375000,542,3125,8
cap_64,sync,3,consumer,3,64,4,max,6907,1193867,1002925959,6886.849361130157,99.42478767861395,113834,538750,4360625,667,2500,8
cap_64,sync,4,producer,0,64,4,max,6550,0,1002558875,6533.282147644446,0,155167.072265625,175283.12109375,175283.12109375,,,8
cap_64,sync,4,consumer,0,64,4,max,6550,1770895,1002559209,6533.2799710984455,99.63149352019332,121458,543000,4213584,334,2250,8
cap_64,sync,4,consumer,1,64,4,max,6550,1685318,1002564500,6533.245491935931,99.61285395787378,121041,538667,4214292,417,2417,8
cap_64,sync,4,consumer,2,64,4,max,6550,1330697,1002557125,6533.293551726541,99.5101877214905,121375,540000,4214708,542,3000,8
cap_64,sync,4,consumer,3,64,4,max,6550,1187662,1002562458,6533.258798725136,99.45152117044545,121292,540084,4206583,667,2458,8
cap_256,spmc,0,producer,0,256,4,max,8221477,334440,1000889167,8214173.228233172,3.9088738238110534,113.931640625,164.95703125,356000,42,42,8
cap_256,spmc,0,consumer,0,256,4,max,8221479,5020058,1000893083,8214143.08844814,37.91144487229843,167,416,1983416,83,125,8
cap_256,spmc,0,consumer,1,256,4,max,8221479,4940665,1000889334,8214173.85590803,37.53693167313775,167,416,991750,83,125,8
cap_256,spmc,0,consumer,2,256,4,max,8221478,5365018,1000896334,8214115.409078918,39.48787089769136,187.5,375,1983458,83,125,8
cap_256,spmc,0,consumer,3,256,4,max,8221480,5968045,1000898541,8214099.295005366,42.05951221059197,166.66666666666666,333,410041,83,125,8
cap_256,spmc,1,producer,0,256,4,max,8391590,307589,1004987292,8349946.379222475,3.53583941657023,112.38671875,164.46875,1535458,42,42,8
cap_256,spmc,1,consumer,0,256,4,max,8391593,5004815,1004985917,8349960.78855501,37.35938021595043,167,416,1607125,83,125,8
cap_256,spmc,1,consumer,1,256,4,max,8391593,4825394,1004983125,8349983.986049517,36.50903189963038,167,416,1607167,83,125,8
cap_256,spmc,1,consumer,2,256,4,max,8391594,4961448,1004990334,8349925.084951116,37.15593795031874,167,375,1607125,83,125,8
cap_256,spmc,1,consumer,3,256,4,max,8391595,6309998,1004991792,8349913.966262522,42.920505281298425,166.66666666666666,333,1535375,42,125,8
cap_256,spmc,2,producer,0,256,4,max,7074485,602625,1000654542,7069857.481344446,7.849633520947336,131.509765625,189.779296875,1021584,42,42,8
cap_256,spmc,2,consumer,0,256,4,max,7074489,7067170,1000648167,7069906.519900716,49.97412255521081,208,375,2583834,83,84,8
cap_256,spmc,2,consumer,1,256,4,max,7074489,6007644,1000652083,7069878.852188429,45.92251126020505,194.33333333333334,375,2583791,83,125,8
cap_256,spmc,2,consumer,2,256,4,max,7074488,6915224,1000647625,7069909.349957234,49.430781705870714,208,375,2583917,83,84,8
cap_256,spmc,2,consumer,3,256,4,max,7074489,11598226,1000651083,7069885.917467197,62.11322777646422,208,334,1110500,42,84,8
cap_256,spmc,3,producer,0,256,4,max,7282915,588152,1004997959,7246696.308962354,7.4723287198546275,129.556640625,189.697265625,1836875,42,42,8
cap_256,spmc,3,consumer,0,256,4,max,7282919,6522361,1004988083,7246771.502264669,47.245409002932206,194.66666666666666,375,1491312.5,83,125,8
cap_256,spmc,3,consumer,1,256,4,max,7282918,5773607,1004989292,7246761.789378349,44.220089189121914,187.5,375,1422000,83,125,8
cap_256,spmc,3,consumer,2,256,4,max,7282919,6240158,1004991500,7246746.86303317,46.144512820565915,187.5,375,2982666,83,125,8
cap_256,spmc,3,consumer,3,256,4,max,7282918,12178395,1004992500,7246738.657253661,62.57745816019711,208,334,1836958,42,84,8
cap_256,spmc,4,producer,0,256,4,max,7120588,515794,1003053542,7098911.17656808,6.754428995301702,132.162109375,630.37109375,3641042,42,42,8
cap_256,spmc,4,consumer,0,256,4,max,7120603,6700679,1003047875,7098966.238276513,48.4808789806908,208,375,3641042,83,125,8
cap_256,spmc,4,consumer,1,256,4,max,7120603,5557526,1003052750,7098931.736142491,43.835537562364294,187.5,375,3641000,83,125,8
cap_256,spmc,4,consumer,2,256,4,max,7120603,6343516,1003045208,7098985.113739759,47.11423005099702,195.83333333333334,375,3641208,83,125,8
cap_256,spmc,4,consumer,3,256,4,max,7120602,11268654,1003049166,7098956.104410938,61.278466078236114,208,334,2963416,42,125,8
cap_256,sync,0,producer,0,256,4,max,6829,0,1002393959,6812.69069778981,0,145958.4140625,162437.744140625,162437.744140625,,,8
cap_256,sync,0,consumer,0,256,4,max,6829,1758183,1002400208,6812.648227223832,99.6130904492434,120542,510417,3524417,334,2250,8
cap_256,sync,0,consumer,1,256,4,max,6829,1656867,1002394209,6812.688998685147,99.58952837537626,120291,508875,3526666,417,2542,8
cap_256,sync,0,consumer,2,256,4,max,6829,1332698,1002395125,6812.6827731729045,99.49019318013,120250,508625,3527500,542,3083,8
cap_256,sync,0,consumer,3,256,4,max,6829,1191653,1002391625,6812.706560671833,99.43019586443518,120167,508750,3527750,667,2459,8
cap_256,sync,1,producer,0,256,4,max,6592,0,1003737542,6567.45386534521,0,150305.419921875,170697.1015625,170697.1015625,,,8
cap_256,sync,1,consumer,0,256,4,max,6592,1770114,1003731541,6567.493130117748,99.62897631909837,125666,512750,3650625,334,2250,8
cap_256,sync,1,consumer,1,256,4,max,6592,1655072,1003736250,6567.462318910969,99.60328923296166,125166,508291,3649416,417,2542,8
cap_256,sync,1,consumer,2,256,4,max,6592,1331830,1003727250,6567.5212065827645,99.50747970371079,125208,511000,3648625,542,3125,8
cap_256,sync,1,consumer,3,256,4,max,6592,1197075,1003734542,6567.473494401272,99.45234022366651,125458,510375,3650417,667,2458,8
cap_256,sync,2,producer,0,256,4,max,6392,0,1001620875,6381.656133115237,0,158024.4140625,177293.1328125,177293.1328125,,,8
cap_256,sync,2,consumer,0,256,4,max,6392,1768298,1001620792,6381.656661935588,99.63982442003956,122834,569250,7031166,334,2250,8
cap_256,sync,2,consumer,1,256,4,max,6392,1660044,1001621125,6381.6545402833835,99.61642691348483,123208,570500,7032041,417,2542,8
cap_256,sync,2,consumer,2,256,4,max,6392,1315416,1001613708,6381.701796756959,99.51641993390871,123667,569916,7032625,542,3292,8
cap_256,sync,2,consumer,3,256,4,max,6392,1195265,1001617000,6381.680822110647,99.46806784298681,123208,569958,7031958,667,2417,8
cap_256,sync,3,producer,0,256,4,max,6581,0,1004996250,6548.283140359977,0,150779.541015625,172126.138671875,172126.138671875,,,8
cap_256,sync,3,consumer,0,256,4,max,6581,1762769,1004989417,6548.327662638461,99.62805550060757,124458,515334,3616834,334,2250,8
cap_256,sync,3,consumer,1,256,4,max,6581,1658605,1004997792,6548.273093121383,99.60478889445383,123667,510125,3584041,417,2541,8
cap_256,sync,3,consumer,2,256,4,max,6581,1326449,1004993542,6548.300785001462,99.5063126861361,124500,510833,3582584,542,3167,8
cap_256,sync,3,consumer,3,256,4,max,6581,1201075,1004992375,6548.308388906931,99.45506005021298,124417,509708,3582625,667,2458,8
cap_256,sync,4,producer,0,256,4,max,6542,0,1000893584,6536.159392545372,0,150694.255859375,167077.962890625,167077.962890625,,,8
cap_256,sync,4,consumer,0,256,4,max,6542,1756627,1000893000,6536.163206256812,99.62896353100582,123208,544917,3803541,334,2250,8
cap_256,sync,4,consumer,1,256,4,max,6542,1662834,1000893375,6536.160757383373,99.60811704493176,123417,549083,3804833,417,2500,8
cap_256,sync,4,consumer,2,256,4,max,6542,1316725,1000886333,6536.206744267733,99.50561753599236,123667,547291,3806791,542,3208,8
cap_256,sync,4,consumer,3,256,4,max,6542,1182324,1000894541,6536.15314303128,99.44972772373,123791,545333,3805875,667,2500,8
cap_1024,spmc,0,producer,0,1024,4,max,8027427,402682,1000502459,8023395.572683944,4.776711665294007,121.908203125,181.884765625,1339875,42,42,8
cap_1024,spmc,0,consumer,0,1024,4,max,8027418,6075031,1000498708,8023416.657925359,43.07784413898607,187.5,375,1951375,83,125,8
cap_1024,spmc,0,consumer,1,1024,4,max,8027418,5276020,1000505500,8023362.190412747,39.6590715873596,167,375,1951375,83,125,8
cap_1024,spmc,0,consumer,2,1024,4,max,8027418,5654309,1000501125,8023397.2750405455,41.32745084008766,180.33333333333334,375,1466417,83,125,8
cap_1024,spmc,0,consumer,3,1024,4,max,8027418,12344486,1000506917,8023350.8270687945,60.595641919380725,167,333,2835291,42,84,8
cap_1024,spmc,1,producer,0,1024,4,max,8070712,479191,1002427333,8051169.131478581,5.604636684182265,121.744140625,177.08203125,1170250,42,42,8
cap_1024,spmc,1,consumer,0,1024,4,max,8070703,6400990,1002423000,8051194.954624943,44.23110689260752,187.5,375,1303750,83,125,8
cap_1024,spmc,1,consumer,1,1024,4,max,8070651,5180882,1002440250,8051004.536180586,39.096472838274636,167,375,1630104.5,83,125,8
cap_1024,spmc,1,consumer,2,1024,4,max,8070703,5938228,1002430916,8051131.375920174,42.38887321238145,180.66666666666666,375,1630166.5,83,84,8
cap_1024,spmc,1,consumer,3,1024,4,max,8070655,12194845,1002431917,8051075.452738203,60.17539661000222,167,333,1446041,42,84,8
cap_1024,spmc,2,producer,0,1024,4,max,7857940,365189,1000744958,7852090.522348653,4.440998067767148,124.51171875,182.455078125,2156083,42,42,8
cap_1024,spmc,2,consumer,0,1024,4,max,7857959,6951707,1000750959,7852062.423054845,46.94033612912,187.5,375,2156167,83,84,8
cap_1024,spmc,2,consumer,1,1024,4,max,7857959,5455289,1000748500,7852081.716834949,40.97639434043443,187.5,375,1431625,83,125,8
cap_1024,spmc,2,consumer,2,1024,4,max,7857959,6655110,1000747541,7852089.241356427,45.85597987579333,187.5,375,2156084,83,125,8
cap_1024,spmc,2,consumer,3,1024,4,max,7856936,11537727,1001062750,7848594.905763899,59.48918524647734,187.5,333,1277791.5,83,84,8
cap_1024,spmc,3,producer,0,1024,4,max,8025841,430595,1004275833,7991669.953886066,5.091920520654328,122.396484375,181.55859375,333458,42,42,8
cap_1024,spmc,3,consumer,0,1024,4,max,8025846,6312532,1004278833,7991651.05972118,44.02542602796495,187.5,375,1336666,83,125,8
cap_1024,spmc,3,consumer,1,1024,4,max,8025846,5352484,1004278209,7991656.025267795,40.00861094022946,183.2,375,930614.5,83,125,8
cap_1024,spmc,3,consumer,2,1024,4,max,8025845,5803085,1004280583,7991636.138204616,41.963369544859944,187.5,375,1336708,83,125,8
cap_1024,spmc,3,consumer,3,1024,4,max,8025845,11707732,1004271541,7991708.091228287,59.32899038020324,187.5,333,1387333,42,84,8
cap_1024,spmc,4,producer,0,1024,4,max,7828554,450013,1004980750,7789755.1769026425,5.435880388477861,124.4296875,184.814453125,2257042,42,42,8
cap_1024,spmc,4,consumer,0,1024,4,max,7828557,7185612,1004989875,7789687.433418172,47.858872509027975,208,375,2256792,83,84,8
cap_1024,spmc,4,consumer,1,1024,4,max,7828557,6213430,1004989083,7789693.57222361,44.24893713403951,187.5,375,2256958,83,125,8
cap_1024,spmc,4,consumer,2,1024,4,max,7828557,6522983,1004983667,7789735.551990816,45.45144980956747,208,375,2256875,83,125,8
cap_1024,spmc,4,consumer,3,1024,4,max,7828558,11704781,1004982750,7789743.654804025,59.92206964718116,208,333,1017708,83,84,8
cap_1024,sync,0,producer,0,1024,4,max,7524,0,1001758292,7510.793831292788,0,133284.423828125,151474.0390625,151474.0390625,,,8
cap_1024,sync,0,consumer,0,1024,4,max,7524,1668267,1001758333,7510.793523890757,99.55101799687431,106458,467292,4444959,458,2208,8
cap_1024,sync,0,consumer,1,1024,4,max,7524,1350339,1001759750,7510.782899792091,99.44589402612782,105834,469875,4443959,541,2791,8
cap_1024,sync,0,consumer,2,1024,4,max,7524,1596909,1001764875,7510.744474844958,99.5310492865704,106292,470708,4444875,417,2750,8
cap_1024,sync,0,consumer,3,1024,4,max,7524,1781475,1001757084,7510.802888417607,99.57942961399084,106125,469292,4482667,417,1917,8
cap_1024,sync,1,producer,0,1024,4,max,7853,0,1004987125,7814.030453375211,0,125934.9765625,145764.080078125,145764.080078125,,,8
cap_1024,sync,1,consumer,0,1024,4,max,7853,1711030,1004988583,7814.019117070905,99.54313353497591,101375,468834,3643250,417,2209,8
cap_1024,sync,1,consumer,1,1024,4,max,7853,1390847,1004993417,7813.981531781516,99.4385500822192,100417,473125,3642000,500,2750,8
cap_1024,sync,1,consumer,2,1024,4,max,7853,1614107,1004992667,7813.987363153567,99.51583269624406,101083,473583,3646583,417,2750,8
cap_1024,sync,1,consumer,3,1024,4,max,7853,1800911,1004984417,7814.051508820559,99.56583611792362,101334,472583,3646042,416,1958,8
cap_1024,sync,2,producer,0,1024,4,max,8096,0,1000617125,8091.006837405466,0,125370.279296875,133392.578125,133392.578125,,,8
cap_1024,sync,2,consumer,0,1024,4,max,8096,1707609,1000618708,8090.9940372611945,99.52812400733227,98000,427292,3314250,458,2208,8
cap_1024,sync,2,consumer,1,1024,4,max,8096,1378156,1000618209,8090.9980721728,99.41597920147275,97917,426791,3319250,500,2834,8
cap_1024,sync,2,consumer,2,1024,4,max,8096,1599134,1000619666,8090.98629088907,99.49627620191261,98208,425417,3320167,417,2792,8
cap_1024,sync,2,consumer,3,1024,4,max,8096,1816380,1000623250,8090.957310856009,99.55625615245144,98125,426041,3311458,375,1916,8
cap_1024,sync,3,producer,0,1024,4,max,7750,0,1004485167,7715.3951642174925,0,128639.16015625,139379.39453125,139379.39453125,,,8
cap_1024,sync,3,consumer,0,1024,4,max,7749,1699160,1004480666,7714.434196984335,99.54602149265133,101083,463167,3917625,458,2250,8
cap_1024,sync,3,consumer,1,1024,4,max,7750,1410175,1004487542,7715.37692201662,99.45342666220004,101291,465750,3917792,500,2667,8
cap_1024,sync,3,consumer,2,1024,4,max,7750,1569479,1004488458,7715.369886310829,99.50863191077516,101250,465916,3915542,417,2917,8
cap_1024,sync,3,consumer,3,1024,4,max,7750,1824589,1004487708,7715.375646986015,99.57704333095569,101250,462709,3922000,375,1916,8
cap_1024,sync,4,producer,0,1024,4,max,7740,0,1000923417,7732.85934622109,0,131283.283203125,143918.06666666668,143918.06666666668,,,8
cap_1024,sync,4,consumer,0,1024,4,max,7739,1711418,1000929042,7731.816817440292,99.54983750756912,100208,478916,4340042,458,2166,8
cap_1024,sync,4,consumer,1,1024,4,max,7740,1369613,1000924000,7732.854842125876,99.43805255442868,100292,479416,4333000,500,2791,8
cap_1024,sync,4,consumer,2,1024,4,max,7740,1590445,1000922417,7732.86707195409,99.5157006228941,100500,477625,4338833,417,2834,8
cap_1024,sync,4,consumer,3,1024,4,max,7740,1810919,1000928209,7732.822324722792,99.57441169565048,100584,480667,4337583,416,1875,8
cap_4096,spmc,0,producer,0,4096,4,max,7839636,235296,1000324875,7837089.925410482,2.9139068911044697,123.779296875,183.349609375,2287625,42,42,8
cap_4096,spmc,0,consumer,0,4096,4,max,7839627,6035999,1000313375,7837171.026529562,43.500732867836014,187.5,375,662958,83,125,8
cap_4096,spmc,0,consumer,1,4096,4,max,7839627,5424836,1000319125,7837125.977172535,40.89751692171782,180.66666666666666,375,2287625,83,125,8
cap_4096,spmc,0,consumer,2,4096,4,max,7839627,5831945,1000317542,7837138.379404727,42.65745738675845,187.5,375,2287875,83,125,8
cap_4096,spmc,0,consumer,3,4096,4,max,7839627,12067076,1000314208,7837164.500216716,60.61815459847871,187.5,333,2287625,42,84,8
cap_4096,spmc,1,producer,0,4096,4,max,7792995,270433,1004984917,7754340.257426968,3.3538217244576374,124.673828125,184,1017917,42,42,8
cap_4096,spmc,1,consumer,0,4096,4,max,7793050,6727785,1004991833,7754341.6216000235,46.331943032201664,208,375,1368375,83,125,8
cap_4096,spmc,1,consumer,1,4096,4,max,7792986,5733622,1004990167,7754290.79397152,42.38772942928486,187.5,375,3568000,83,125,8
cap_4096,spmc,1,consumer,2,4096,4,max,7792986,6365673,1004982042,7754353.48525362,44.959575620826804,187.5,375,3568041,83,125,8
cap_4096,spmc,1,consumer,3,4096,4,max,7792986,11975481,1004986833,7754316.518493134,60.57870344726275,208,333,3567875,83,84,8
cap_4096,spmc,2,producer,0,4096,4,max,7736657,366894,1004997333,7698186.598073291,4.527570690923029,123.697265625,185.220703125,1773291,42,42,8
cap_4096,spmc,2,consumer,0,4096,4,max,7736671,6479032,1005008375,7698115.94853625,45.57658527334174,208,375,1773166,83,125,8
cap_4096,spmc,2,consumer,1,4096,4,max,7736671,5839144,1005012208,7698086.58881485,43.01136985146011,187.5,375,1773250,83,125,8
cap_4096,spmc,2,consumer,2,4096,4,max,7736671,6577982,1005004292,7698147.223434942,45.95278697988697,208,375,1773208,83,125,8
cap_4096,spmc,2,consumer,3,4096,4,max,7736671,11908152,1005013125,7698079.564881304,60.61725269807725,208,333,1558917,42,84,8
cap_4096,spmc,3,producer,0,4096,4,max,7751324,310328,1004996167,7712789.615047358,3.849434334302696,124.267578125,183.837890625,2556291,42,42,8
cap_4096,spmc,3,consumer,0,4096,4,max,7751326,6505218,1004989875,7712839.893038724,45.62969819333493,187.5,375,2555916,83,125,8
cap_4096,spmc,3,consumer,1,4096,4,max,7751326,5625966,1004995250,7712798.642580649,42.056090275969154,187.5,375,2556375,83,125,8
cap_4096,spmc,3,consumer,2,4096,4,max,7751326,5936695,1004997792,7712779.1341456,43.37146326704204,187.5,375,1184458,83,125,8
cap_4096,spmc,3,consumer,3,4096,4,max,7751326,11893436,1004998375,7712774.659959028,60.542530370182135,187.5,333,1278209,42,84,8
cap_4096,spmc,4,producer,0,4096,4,max,7677007,247160,1001458583,7665825.756870067,3.1190660166551263,125.08203125,184.5703125,1504792,42,42,8
cap_4096,spmc,4,consumer,0,4096,4,max,7676996,6501203,1001462125,7665787.660217305,45.853517784593095,187.5,375,1751333,83,125,8
cap_4096,spmc,4,consumer,1,4096,4,max,7676993,5518585,1001454083,7665846.223326047,41.82147231443746,187.5,375,1751250,83,125,8
cap_4096,spmc,4,consumer,2,4096,4,max,7676994,6230323,1001461208,7665792.6824061265,44.79888536372616,187.5,375,1504666,83,125,8
cap_4096,spmc,4,consumer,3,4096,4,max,7676998,11482756,1001462750,7665784.873176761,59.9316463040183,187.5,333,1751208,83,84,8
cap_4096,sync,0,producer,0,4096,4,max,6892,0,1004987166,6857.79901790308,0,147365.15234375,168508.30078125,168508.30078125,,,8
cap_4096,sync,0,consumer,0,4096,4,max,6892,1975954,1004983375,6857.824886904224,99.65241879601341,116458,542709,3832959,375,2041,8
cap_4096,sync,0,consumer,1,4096,4,max,6892,1375953,1004988541,6857.789635235254,99.50160719386483,116958,540500,3832209,542,2791,8
cap_4096,sync,0,consumer,2,4096,4,max,6892,1433995,1004987542,6857.796452167364,99.5216835185549,116792,537875,3832458,500,2792,8
cap_4096,sync,0,consumer,3,4096,4,max,6892,1362550,1004982333,6857.831997331241,99.49672932479068,116958,541375,3838625,625,2083,8
cap_4096,sync,1,producer,0,4096,4,max,6360,0,1004135042,6333.8094319787715,0,156356.365234375,188930.1712962963,188930.1712962963,,,8
cap_4096,sync,1,consumer,0,4096,4,max,6360,1975429,1004139167,6333.783412712951,99.6790778433022,125833,571083,4068000,375,2000,8
cap_4096,sync,1,consumer,1,4096,4,max,6360,1360356,1004137042,6333.796816550464,99.53465094430737,126000,569542,4074083,542,2750,8
cap_4096,sync,1,consumer,2,4096,4,max,6360,1440117,1004139042,6333.784201172411,99.56031101773482,126208,567500,4063417,500,2667,8
cap_4096,sync,1,consumer,3,4096,4,max,6360,1359602,1004140708,6333.773692600858,99.53439407538424,125667,568708,4064292,625,2042,8
cap_4096,sync,2,producer,0,4096,4,max,6832,0,1004992041,6798.063786855402,0,144699.462890625,164524.658203125,164524.658203125,,,8
cap_4096,sync,2,consumer,0,4096,4,max,6832,1971274,1004993833,6798.051665258328,99.65461911545691,117041,524917,3707750,375,2042,8
cap_4096,sync,2,consumer,1,4096,4,max,6832,1360588,1004994708,6798.045746525463,99.50037296514604,117208,521167,3713625,542,2833,8
cap_4096,sync,2,consumer,2,4096,4,max,6832,1449029,1004999000,6798.016714444492,99.53072443042295,116958,524084,3711417,500,2625,8
cap_4096,sync,2,consumer,3,4096,4,max,6832,1353548,1005000083,6798.009388821115,99.49778738293712,117167,521625,3710417,625,2084,8
cap_4096,sync,3,producer,0,4096,4,max,6463,0,1002335750,6447.93922595298,0,151650.552734375,170043.130859375,170043.130859375,,,8
cap_4096,sync,3,consumer,0,4096,4,max,6463,1980437,1002335625,6447.940030067274,99.67471941214959,121750,577542,4176459,375,2000,8
cap_4096,sync,3,consumer,1,4096,4,max,6463,1367178,1002328791,6447.9839929091695,99.52949860989881,121375,571791,4174958,542,2709,8
cap_4096,sync,3,consumer,2,4096,4,max,6463,1429433,1002330083,6447.975681480169,99.54989776418348,121209,572792,4171542,500,2709,8
cap_4096,sync,3,consumer,3,4096,4,max,6463,1351115,1002334208,6447.949145520932,99.52393158993442,121250,572750,4177167,625,2083,8
cap_4096,sync,4,producer,0,4096,4,max,6428,0,1004996875,6396.039788680935,0,160178.630859375,167494.140625,167494.140625,,,8
cap_4096,sync,4,consumer,0,4096,4,max,6428,1994158,1005001166,6396.012479850197,99.67869414261621,120875,603750,4265375,375,2000,8
cap_4096,sync,4,consumer,1,4096,4,max,6428,1368060,1005001791,6396.008502237584,99.53233494945026,121125,604459,4259416,542,2750,8
cap_4096,sync,4,consumer,2,4096,4,max,6428,1439812,1004999292,6396.024406353512,99.55553711693771,120792,604417,4284292,500,2667,8
cap_4096,sync,4,consumer,3,4096,4,max,6428,1356107,1005001500,6396.010354213402,99.52823230228948,121417,604417,4265583,625,2042,8
n_1,spmc,0,producer,0,1024,1,balanced,2010028,0,1005014541,1999998.9233986617,0,499.91796875,500,544.025390625,,,8
n_1,spmc,0,consumer,0,1024,1,balanced,2009956,80,1005018584,1999919.237314322,0.003980028218400069,499.91796875,500,526.28515625,500,3000,8
n_1,spmc,1,producer,0,1024,1,balanced,2010066,0,1005033583,1999998.8398397628,0,499.91796875,500,536.701171875,,,8
n_1,spmc,1,consumer,0,1024,1,balanced,2009979,75,1005027583,1999924.2150153008,0.003731243041231728,499.91796875,500,550.78125,500,542,8
n_1,spmc,2,producer,0,1024,1,balanced,2010015,0,1005008083,1999998.8398103262,0,499.91796875,500,598.6328125,,,8
n_1,spmc,2,consumer,0,1024,1,balanced,2009928,81,1005005083,1999918.243199572,0.004029832702241632,499.91796875,500,557.12890625,500,541,8
n_1,spmc,3,producer,0,1024,1,balanced,2010032,0,1005016541,1999998.923400804,0,499.91796875,500,517.49609375,,,8
n_1,spmc,3,consumer,0,1024,1,balanced,2010019,0,1005010083,1999998.839812635,0,499.91796875,500,541.33984375,,,8
n_1,spmc,4,producer,0,1024,1,balanced,2010018,0,1005009583,1999998.8398120578,0,499.91796875,500,509.521484375,,,8
n_1,spmc,4,consumer,0,1024,1,balanced,2009989,22,1005006083,1999976.9493932505,0.0010945213732661166,499.91796875,500,541.91015625,500,541,8
n_1,sync,0,producer,0,1024,1,balanced,2010000,0,1005000583,1999998.839801668,0,499.91796875,500.244140625,519.9375,,,8
n_1,sync,0,consumer,0,1024,1,balanced,2009917,90,1005004083,1999909.2879307237,0.0044775963466793895,499.91796875,501.69476744186045,3709,166,584,8
n_1,sync,1,producer,0,1024,1,balanced,2003721,0,1001861083,1999998.8361659916,0,499.91796875,500.08203125,518.390625,,,8
n_1,sync,1,consumer,0,1024,1,balanced,2003625,91,1001858625,1999907.921140071,0.004541561778216074,499.91796875,500.1640625,2375,125,542,8
n_1,sync,2,producer,0,1024,1,balanced,2010032,0,1005016583,1999998.8398201386,0,499.91796875,500.32421875,516.357421875,,,8
n_1,sync,2,consumer,0,1024,1,balanced,2009898,130,1005014583,1999869.488460945,0.006467571596017568,499.91796875,500.162109375,595.947265625,500,542,8
n_1,sync,3,producer,0,1024,1,balanced,2010038,0,1005019584,1999998.837833592,0,499.91796875,500,542.48046875,,,8
n_1,sync,3,consumer,0,1024,1,balanced,2009960,74,1005017542,1999925.2908562664,0.0036815297651681513,499.91796875,500,2781.25,458,8834,8
n_1,sync,4,producer,0,1024,1,balanced,2010017,0,1005009292,1999998.4238951693,0,499.91796875,500.244140625,572.591796875,,,8
n_1,sync,4,consumer,0,1024,1,balanced,2009880,131,1005006292,1999868.0764478238,0.006517377268084603,499.919921875,500.162109375,3458,500,1709,8
n_2,spmc,0,producer,0,1024,2,balanced,2011025,2009023,1005012333,2000995.344999413,49.97509979980339,500,791,13917,250,291,8
n_2,spmc,0,consumer,0,1024,2,balanced,2010031,0,1005016083,1999998.8398195615,0,499.91796875,500,536.294921875,,,8
n_2,spmc,0,consumer,1,1024,2,balanced,2010022,0,1005011542,1999998.921405422,0,499.91796875,500,572.427734375,,,8
n_2,spmc,1,producer,0,1024,2,balanced,2011034,2009030,1005016542,2000995.9199258632,49.975075023681214,500,584,29167,84,292,8
n_2,spmc,1,consumer,0,1024,2,balanced,2010043,0,1005022083,1999998.8398264877,0,499.91796875,500,508.056640625,,,8
n_2,spmc,1,consumer,1,1024,2,balanced,2010030,0,1005015584,1999998.8378289666,0,499.919921875,500,567.708984375,,,8
n_2,spmc,2,producer,0,1024,2,balanced,2011020,2009036,1005014292,2000986.4695536091,49.97532372683365,541,583,37333,84,292,8
n_2,spmc,2,consumer,0,1024,2,balanced,2010015,0,1005008084,1999998.8378202936,0,499.919921875,500,572.58984375,,,8
n_2,spmc,2,consumer,1,1024,2,balanced,2010022,0,1005011583,1999998.8398143665,0,499.91796875,500,541.583984375,,,8
n_2,spmc,3,producer,0,1024,2,balanced,2011004,2008995,1005000291,2000998.4255815505,49.97501243159513,541,583,60250,209,334,8
n_2,spmc,3,consumer,0,1024,2,balanced,2010000,0,1005000583,1999998.839801668,0,499.91796875,499.91796875,528.23828125,,,8
n_2,spmc,3,consumer,1,1024,2,balanced,2010006,0,1005003583,1999998.8398051313,0,499.91796875,500,560.626953125,,,8
n_2,spmc,4,producer,0,1024,2,balanced,2011005,2009010,1005004083,2000991.8705972063,49.97518665975127,500,791,27208,250,292,8
n_2,spmc,4,consumer,0,1024,2,balanced,2010000,0,1005000583,1999998.839801668,0,499.91796875,500,543.9453125,,,8
n_2,spmc,4,consumer,1,1024,2,balanced,2010002,0,1005001583,1999998.8398028226,0,499.91796875,500,526.123046875,,,8
n_2,sync,0,producer,0,1024,2,balanced,2010960,988108,1004983709,2000987.6597910107,32.94716892047796,520.5,750,35583,166,417,8
n_2,sync,0,consumer,0,1024,2,balanced,2009965,0,1004983250,1999998.5074378105,0,499.91796875,500.162109375,546.060546875,,,8
n_2,sync,0,consumer,1,1024,2,balanced,2009961,0,1004981292,1999998.4238512572,0,499.91796875,500.1640625,518.87890625,,,8
n_2,sync,1,producer,0,1024,2,balanced,2002395,1082602,1004991333,1992450.0184719504,35.092481451359596,510.5,792,43458,208,417,8
n_2,sync,1,consumer,0,1024,2,balanced,2001373,8602,1004988167,1991439.3678627263,0.4279655219592284,499.919921875,17416,174666,292,2666,8
n_2,sync,1,consumer,1,1024,2,balanced,2001373,8599,1004986625,1991442.4234252868,0.4278169049121082,499.91796875,15833,343333,334,2875,8
n_2,sync,2,producer,0,1024,2,balanced,2010814,84662,1005003000,2000803.977699569,4.040227614155447,501.07894736842104,583,11312.5,167,416,8
n_2,sync,2,consumer,0,1024,2,balanced,2009830,184,1005007583,1999815.7566140473,0.009154165095367496,499.91796875,917,2541.6666666666665,459,584,8
n_2,sync,2,consumer,1,1024,2,balanced,2009830,183,1005007041,1999816.8351140935,0.009104418727640071,499.91796875,895.5,2361,416,833,8
n_2,sync,3,producer,0,1024,2,balanced,2000884,33940,1002538666,1995817.2865125183,1.6679575235990927,500.75,542,6708.333333333333,167,417,8
n_2,sync,3,consumer,0,1024,2,balanced,2000863,4174,1002519167,1995835.1579326962,0.20817570947568548,499.919921875,5500,17583,250,1709,8
n_2,sync,3,consumer,1,1024,2,balanced,2000863,4174,1002519084,1995835.3231707658,0.20817570947568548,499.919921875,5541,36375,458,1291,8
n_2,sync,4,producer,0,1024,2,balanced,2011000,259182,1004997167,2001000.6655073487,11.416793895819806,504.55555555555554,583,30458,167,417,8
n_2,sync,4,consumer,0,1024,2,balanced,2009980,0,1004990542,1999998.921382884,0,499.91796875,500.1640625,558.185546875,,,8
n_2,sync,4,consumer,1,1024,2,balanced,2009982,0,1004991625,1999998.7562085406,0,499.91796875,500.08203125,508.30078125,,,8
n_4,spmc,0,producer,0,1024,4,balanced,1999414,6019081,1004211750,1991028.286613854,75.0649716686236,541,791,1861458,125,250,8
n_4,spmc,0,consumer,0,1024,4,balanced,1998396,10012,1004204583,1990028.7589107726,0.49850428797335994,499.91796875,500.162109375,1364000,500,541,8
n_4,spmc,0,consumer,1,1024,4,balanced,1998398,10014,1004206625,1990026.7039166368,0.4986028763022727,499.91796875,583,1350041,500,541,8
n_4,spmc,0,consumer,2,1024,4,balanced,1998397,10008,1004203084,1990032.7252928452,0.4983058695830771,499.91796875,583,378000,500,542,8
n_4,spmc,0,consumer,3,1024,4,balanced,1998838,9582,1004210583,1990457.0155281862,0.4770914450164806,499.91796875,502.1186440677966,1610000,500,542,8
n_4,spmc,1,producer,0,1024,4,balanced,1987842,6052083,1004990833,1977970.2806503111,75.27536637468633,541,667,2665417,125,250,8
n_4,spmc,1,consumer,0,1024,4,balanced,1986838,23135,1004987125,1976978.5607949952,1.1510104862105113,499.91796875,625,4704.998046875,500,541,8
n_4,spmc,1,consumer,1,1024,4,balanced,1986838,23153,1004996125,1976960.8564411132,1.1518957050056444,499.837890625,666,5064.697265625,500,542,8
n_4,spmc,1,consumer,2,1024,4,balanced,1986838,23138,1004988667,1976975.5274265197,1.1511580237773984,499.91796875,500.08203125,4705.078125,500,541,8
n_4,spmc,1,consumer,3,1024,4,balanced,1987683,22305,1004994625,1977804.607661459,1.1097081176604038,499.91796875,625,5317.462890625,500,541,8
n_4,spmc,2,producer,0,1024,4,balanced,1988058,6040238,1003873584,1980386.8053569582,75.23686221833375,541,791,2706958,84,292,8
n_4,spmc,2,consumer,0,1024,4,balanced,1987042,20711,1003877083,1979367.8266485538,1.031551191804968,499.91796875,666,5690.0234375,500,541,8
n_4,spmc,2,consumer,1,1024,4,balanced,1987983,19755,1003869667,1980319.821736381,0.9839431240530389,499.91796875,584,4786.376953125,500,541,8
n_4,spmc,2,consumer,2,1024,4,balanced,1987042,20712,1003877667,1979366.6751628213,1.0316004849199654,499.91796875,500.08203125,4800.861328125,500,541,8
n_4,spmc,2,consumer,3,1024,4,balanced,1987042,20710,1003876583,1979368.812510691,1.031501898640868,499.837890625,666,4798.748046875,500,541,8
n_4,spmc,3,producer,0,1024,4,balanced,1983059,6017245,1000314208,1982436.1027170375,75.21270441723215,541,708,1269000,125,292,8
n_4,spmc,3,consumer,0,1024,4,balanced,1982212,18412,1000312625,1981592.5046432358,0.9203128623869353,499.91796875,583,152291.57142857142,500,541,8
n_4,spmc,3,consumer,1,1024,4,balanced,1982042,18569,1000306084,1981435.5142920434,0.9281664451510064,499.91796875,501.53374233128835,165642.85714285713,500,542,8
n_4,spmc,3,consumer,2,1024,4,balanced,1982042,18578,1000310584,1981426.600600679,0.9286121302396257,499.91796875,584,152279.7142857143,500,542,8
n_4,spmc,3,consumer,3,1024,4,balanced,1982043,18584,1000314083,1981420.6694518765,0.9289087870952456,499.837890625,583,153577.42857142858,500,542,8
n_4,spmc,4,producer,0,1024,4,balanced,1985103,6054770,1004984416,1975257.4949381105,75.30927416390782,541,708,1575750,125,209,8
n_4,spmc,4,consumer,0,1024,4,balanced,1984100,25871,1004986084,1974256.1927852526,1.2871329984362958,499.91796875,502.74619289340103,568542,500,542,8
n_4,spmc,4,consumer,1,1024,4,balanced,1984098,25883,1004991166,1974244.2193765512,1.287723615297856,499.91796875,503.5425531914894,568542,500,542,8
n_4,spmc,4,consumer,2,1024,4,balanced,1984099,25883,1004991625,1974244.312732457,1.2877229746336036,499.91796875,625,896000,500,542,8
n_4,spmc,4,consumer,3,1024,4,balanced,1985072,24907,1004990083,1975215.5106589245,1.2391671753784492,499.91796875,584,568500,500,542,8
n_4,sync,0,producer,0,1024,4,balanced,15352,0,1004625375,15281.318172955765,0,64687.419921875,81455.404296875,81455.404296875,,,8
n_4,sync,0,consumer,0,1024,4,balanced,15352,1413830,1004621125,15281.382819816774,98.92581910491455,46500,257334,4100875,500,2500,8
n_4,sync,0,consumer,1,1024,4,balanced,15352,1501178,1004629166,15281.260508417292,98.9876890005473,46583,259541,4098000,417,2834,8
n_4,sync,0,consumer,2,1024,4,balanced,15352,1452742,1004627875,15281.28014564597,98.95429039284952,47041,262333,4091333,500,3000,8
n_4,sync,0,consumer,3,1024,4,balanced,15352,1773679,1004629500,15281.255427996091,99.14188183435614,46625,259333,4100250,458,1833,8
n_4,sync,1,producer,0,1024,4,balanced,14533,0,1001178416,14515.89423797566,0,67499.1875,88106.36328125,88106.36328125,,,8
n_4,sync,1,consumer,0,1024,4,balanced,14533,1389994,1001187667,14515.760110736563,98.96527443046664,51042,253333,4371416,500,2459,8
n_4,sync,1,consumer,1,1024,4,balanced,14533,1472736,1001187041,14515.769186828698,99.02283984941526,51292,253417,4374375,417,2917,8
n_4,sync,1,consumer,2,1024,4,balanced,14533,1467669,1001187833,14515.757703979209,99.0194993664831,51583,254292,4375042,500,2917,8
n_4,sync,1,consumer,3,1024,4,balanced,14533,1741066,1001191084,14515.710569392166,99.17219137171985,51416,254375,4375542,458,1834,8
n_4,sync,2,producer,0,1024,4,balanced,13860,0,1004996125,13791.097950750805,0,71359.9453125,88026.85546875,88026.85546875,,,8
n_4,sync,2,consumer,0,1024,4,balanced,13860,1396914,1004983250,13791.274630696582,99.01756057313219,51666,256667,4319041,500,2459,8
n_4,sync,2,consumer,1,1024,4,balanced,13860,1513074,1004989583,13791.187724181615,99.09229868481545,51667,257000,4320541,417,2792,8
n_4,sync,2,consumer,2,1024,4,balanced,13860,1468739,1004986458,13791.230607805861,99.06515517682124,51958,256250,4318709,500,2958,8
n_4,sync,2,consumer,3,1024,4,balanced,13860,1744615,1004990333,13791.177432151479,99.21181705739347,51667,255625,4314750,458,1834,8
n_4,sync,3,producer,0,1024,4,balanced,13982,0,1000305083,13977.735630480645,0,70163.900390625,90204.58984375,90204.58984375,,,8
n_4,sync,3,consumer,0,1024,4,balanced,13982,1400186,1000304375,13977.745523706222,99.01129144486369,47459,325000,4171666,500,2417,8
n_4,sync,3,consumer,1,1024,4,balanced,13982,1518242,1000303792,13977.753670257005,99.08747023933837,47542,332458,4173291,417,2750,8
n_4,sync,3,consumer,2,1024,4,balanced,13982,1490985,1000294166,13977.888180545482,99.07094308380184,47792,372916,4170375,500,2791,8
n_4,sync,3,consumer,3,1024,4,balanced,13982,1733308,1000301292,13977.788604115889,99.1997893881382,47667,331083,4173458,458,1792,8
n_4,sync,4,producer,0,1024,4,balanced,14282,0,998709917,14300.448765845187,0,65197.591796875,93650.552734375,93650.552734375,,,8
n_4,sync,4,consumer,0,1024,4,balanced,14282,1403828,1000154583,14279.792586822552,98.9928848960941,50541,249541,4040792,500,2459,8
n_4,sync,4,consumer,1,1024,4,balanced,14282,1510362,1000149042,14279.871699362184,99.06325673403103,50625,248208,4039416,417,2750,8
n_4,sync,4,consumer,2,1024,4,balanced,14282,1463011,1000152958,14279.815787936708,99.03323172857381,50750,249083,4037916,500,2917,8
n_4,sync,4,consumer,3,1024,4,balanced,14282,1732337,1000151500,14279.83660475438,99.1823059293412,50417,247583,4039666,458,1833,8
n_8,spmc,0,producer,0,1024,8,balanced,442202,10786236,1004791375,440093.34773599147,96.0617674515369,417,1093319.6666666667,8037459,83,292,8
n_8,spmc,0,consumer,0,1024,8,balanced,442202,1547212,994707834,444554.6570411348,77.77224851137069,292,13906.33203125,3980000,500,542,8
n_8,spmc,0,consumer,1,1024,8,balanced,442202,1567253,1004728167,440121.034249854,77.99393367853473,292,14126.46484375,2080979,500,542,8
n_8,spmc,0,consumer,2,1024,8,balanced,442202,1567053,1004683500,440140.60149290797,77.99174320830357,499.91796875,17761.392578125,3980375,500,542,8
n_8,spmc,0,consumer,3,1024,8,balanced,441178,1566467,1004789416,439075.0867542976,78.02509905884756,500,16134.84765625,4393042,500,542,8
n_8,spmc,0,consumer,4,1024,8,balanced,442202,1567253,1004728250,440120.99789171846,77.99393367853473,292,14597.65625,3980375,500,542,8
n_8,spmc,0,consumer,5,1024,8,balanced,442202,1567233,1004718416,440125.3057155071,77.99371465113329,292,15737.224609375,1341583,500,542,8
n_8,spmc,0,consumer,6,1024,8,balanced,443225,1565431,1004328875,441314.60424255946,77.93425056356091,229.5,14691.162109375,3986542,500,542,8
n_8,spmc,0,consumer,7,1024,8,balanced,442202,1567089,1004646125,440156.9756714087,77.99213752512702,250,15666.9921875,1866736,500,542,8
n_8,spmc,1,producer,0,1024,8,balanced,445394,11080255,1004506250,443395.9470137692,96.13562759025544,152.66666666666666,743416,10044042,83,250,8
n_8,spmc,1,consumer,0,1024,8,balanced,445394,1561256,1004548209,443377.4267970448,77.80410136296813,292,14900.310546875,9595958,500,542,8
n_8,spmc,1,consumer,1,1024,8,balanced,445394,1563603,1004499125,443399.09205993585,77.83003160283465,292,14900.390625,9595375,500,542,8
n_8,spmc,1,consumer,2,1024,8,balanced,445394,1563574,1004484625,443405.4926425579,77.82971157330529,292,14718.5859375,9581500,500,542,8
n_8,spmc,1,consumer,3,1024,8,balanced,445394,1543354,994461458,447874.5721284655,77.60430180193771,292,15893.634765625,1017847,500,542,8
n_8,spmc,1,consumer,4,1024,8,balanced,445394,1563610,1004502583,443397.5656586241,77.8301088499575,334,16569.5,9595875,500,542,8
n_8,spmc,1,consumer,5,1024,8,balanced,445394,1563608,1004501667,443397.9699906262,77.83008677940589,499.91796875,23836.571428571428,351239.625,500,542,8
n_8,spmc,1,consumer,6,1024,8,balanced,445394,1563559,1004528834,443385.9785054214,77.82954603716463,292,14906.087890625,9580542,500,542,8
n_8,spmc,1,consumer,7,1024,8,balanced,445394,1563587,1004537417,443382.19011308363,77.82985503596102,292,12625.5703125,3293708,500,542,8
n_8,spmc,2,producer,0,1024,8,balanced,409362,10924493,1003129750,408084.7966078167,96.3881486043363,270.5,524083.3333333333,8069458,83,250,8
n_8,spmc,2,consumer,0,1024,8,balanced,409020,1590074,999547584,409205.13094852323,79.53973149836877,292,15451.171875,968479,500,542,8
n_8,spmc,2,consumer,1,1024,8,balanced,409010,1597249,1003130083,407733.7594908915,79.61330017709578,499.91796875,16491.046875,497864.5,500,542,8
n_8,spmc,2,consumer,2,1024,8,balanced,409010,1596993,1003002042,407785.80987176095,79.6106984884868,499.837890625,16506.75390625,968187.5,500,542,8
n_8,spmc,2,consumer,3,1024,8,balanced,408974,1597239,1003182708,407676.4847904456,79.6146271607252,499.755859375,15659.1796875,968458,500,542,8
n_8,spmc,2,consumer,4,1024,8,balanced,408977,1597243,1003179750,407680.677366145,79.61454875337701,499.8359375,17932.6171875,1170312.5,500,542,8
n_8,spmc,2,consumer,5,1024,8,balanced,409009,1597257,1003133667,407731.3058619535,79.61342115153225,291,16504.638671875,968437.5,500,542,8
n_8,spmc,2,consumer,6,1024,8,balanced,410034,1596199,1003117042,408759.8782914507,79.5619950424502,291,15659.259765625,2169291.6666666665,500,542,8
n_8,spmc,2,consumer,7,1024,8,balanced,408434,1592594,1003065625,407185.7212732218,79.58879136124033,375,17932.53515625,1025229.5,500,542,8
n_8,spmc,3,producer,0,1024,8,balanced,404506,10817228,1001043125,404084.489367029,96.3953342683047,458,1356166.75,9992042,83,292,8
n_8,spmc,3,consumer,0,1024,8,balanced,404506,1597601,1001054291,404079.9821115796,79.79598492987637,292,15506.91796875,3331097.3333333335,500,542,8
n_8,spmc,3,consumer,1,1024,8,balanced,405529,1576572,991051208,409190.76302664675,79.54044723250733,292,15865.314453125,4197792,500,542,8
n_8,spmc,3,consumer,2,1024,8,balanced,404506,1597600,1001053625,404080.2509455974,79.79597483849507,292,15595.37890625,1665819.5,500,542,8
n_8,spmc,3,consumer,3,1024,8,balanced,404506,1597515,1001091750,404064.8621867077,79.79511703423691,499.91796875,18125,9969625,500,542,8
n_8,spmc,3,consumer,4,1024,8,balanced,404506,1597582,1001044583,404083.90082662285,79.79579319190765,292,15506.998046875,9992083,500,542,8
n_8,spmc,3,consumer,5,1024,8,balanced,403482,1591715,1001111083,403034.1955568981,79.77733527065247,333,16243.490234375,9992000,500,542,8
n_8,spmc,3,consumer,6,1024,8,balanced,404506,1597592,1001064708,404075.777287316,79.79589410708166,499.837890625,19938.0703125,9981292,500,542,8
n_8,spmc,3,consumer,7,1024,8,balanced,404506,1597613,1001060250,404077.57674925163,79.79610602566581,499.591796875,18237.22265625,1172437.5,500,542,8
n_8,spmc,4,producer,0,1024,8,balanced,383450,10748459,1000311917,383330.4327214168,96.55539764114134,185.384765625,1472292,9937625,83,292,8
n_8,spmc,4,consumer,0,1024,8,balanced,383488,1617144,1000316541,383366.6487376419,80.83165719632596,292,17894.205078125,4741083.5,500,542,8
n_8,spmc,4,consumer,1,1024,8,balanced,382440,1614582,1000357333,382303.39038260444,80.84948488299078,499.837890625,21747.529411764706,9491416,500,542,8
n_8,spmc,4,consumer,2,1024,8,balanced,383464,1597158,990311542,387215.5213152105,80.63921333803219,291,17638.58984375,1038991.8,500,542,8
n_8,spmc,4,consumer,3,1024,8,balanced,383464,1617162,1000313625,383343.77380893915,80.83279933380851,292,15086.1015625,1898691.6,500,542,8
n_8,spmc,4,consumer,4,1024,8,balanced,383464,1617164,1000314833,383343.3108754072,80.83281849499258,499.91796875,55354.25,1582562.5,500,542,8
n_8,spmc,4,consumer,5,1024,8,balanced,383464,1617153,1000309250,383345.4504194578,80.83271310800619,499.837890625,66515,4743729,500,542,8
n_8,spmc,4,consumer,6,1024,8,balanced,383464,1617128,1000354500,383328.11018493946,80.83247358781801,291,15586.99609375,791000,500,542,8
n_8,spmc,4,consumer,7,1024,8,balanced,383607,1617033,1000320792,383483.9814066366,80.82578574856046,292,18194.41796875,4713521,500,542,8
n_8,sync,0,producer,0,1024,8,balanced,405,0,1005004917,402.98310301699746,0,2481493.72345679,2481493.72345679,2481493.72345679,,,8
n_8,sync,0,consumer,0,1024,8,balanced,405,401910,1004970291,402.9969876990125,99.89933261250513,585000,24782459,40120959,1625,12042,8
n_8,sync,0,consumer,1,1024,8,balanced,405,395472,1004965083,402.99907613805124,99.89769549632841,603834,24817250,40238084,1625,12292,8
n_8,sync,0,consumer,2,1024,8,balanced,405,439680,1004968375,402.9977560239147,99.9079723235284,594584,24813583,40230875,1542,11042,8
n_8,sync,0,consumer,3,1024,8,balanced,405,397224,1005004208,402.9833873093594,99.89814626196781,608167,24935042,40214250,1667,12208,8
n_8,sync,0,consumer,4,1024,8,balanced,405,399308,1004965834,402.9987749812398,99.89867730096344,600167,24815167,40255209,1625,12292,8
n_8,sync,0,consumer,5,1024,8,balanced,405,395934,1004965375,402.9989590437382,99.89781474949476,601458,24775583,40249750,1625,12291,8
n_8,sync,0,consumer,6,1024,8,balanced,405,392805,1004956542,403.0025011768121,99.89700160219729,605750,24801375,40222917,1708,12125,8
n_8,sync,0,consumer,7,1024,8,balanced,405,351805,1004958250,403.0018162446052,99.88501178274325,592291,24800500,40213250,2000,12834,8
n_8,sync,1,producer,0,1024,8,balanced,400,0,1004977167,398.018993002654,0,2512443.02,2512443.02,2512443.02,,,8
n_8,sync,1,consumer,0,1024,8,balanced,400,387489,1004970625,398.02158396420793,99.8968777150164,563292,30888583,50254500,1708,12333,8
n_8,sync,1,consumer,1,1024,8,balanced,400,415984,1004967542,398.02280499920863,99.90393482938825,565875,30901875,50178917,1584,11709,8
n_8,sync,1,consumer,2,1024,8,balanced,400,382384,1004973166,398.0205775961982,99.89550242434375,569583,30867541,50258875,1750,12625,8
n_8,sync,1,consumer,3,1024,8,balanced,400,420518,1004960250,398.0256930560189,99.90496961403409,571625,30877291,50363791,1625,11708,8
n_8,sync,1,consumer,4,1024,8,balanced,400,392446,1005026250,397.99955473799815,99.89817893016601,571417,33166791,50107500,1709,12166,8
n_8,sync,1,consumer,5,1024,8,balanced,400,406167,1004967000,398.0230196613421,99.9016152319298,573083,30882500,50233166,1666,11792,8
n_8,sync,1,consumer,6,1024,8,balanced,400,391760,1004977708,398.01877874091116,99.89800081599347,568375,30872417,50243250,1709,12000,8
n_8,sync,1,consumer,7,1024,8,balanced,400,346660,1004969791,398.02191427264506,99.88474615340287,568083,30904833,50249667,2041,12834,8
n_8,sync,2,producer,0,1024,8,balanced,401,0,1002794166,399.8826614633496,0,2500733.685785536,2500733.685785536,2500733.685785536,,,8
n_8,sync,2,consumer,0,1024,8,balanced,401,388354,1002744959,399.9022846246989,99.89685020128358,654292,35575875,60731916,1667,12167,8
n_8,sync,2,consumer,1,1024,8,balanced,401,377185,1002745000,399.902268273589,99.89379902856568,645042,39476584,60735416,1750,12333,8
n_8,sync,2,consumer,2,1024,8,balanced,401,411543,1002747333,399.90133785775924,99.90265667178063,646042,39481291,60711708,1583,12000,8
n_8,sync,2,consumer,3,1024,8,balanced,401,394465,1002746750,399.90157036160923,99.89844656161837,656000,39052291,60736042,1667,12042,8
n_8,sync,2,consumer,4,1024,8,balanced,401,400123,1002737125,399.9054089076437,99.89988115568606,653916,39498500,60733750,1666,11917,8
n_8,sync,2,consumer,5,1024,8,balanced,401,432918,1001934958,400.2255803115715,99.90745847747272,644167,39577708,60714083,1541,11333,8
n_8,sync,2,consumer,6,1024,8,balanced,401,400056,1002272375,400.0908435693441,99.89986440491738,639459,39451333,61598458,1625,12083,8
n_8,sync,2,consumer,7,1024,8,balanced,401,352530,1002745042,399.90225152367293,99.88638005729166,638834,39458792,60725209,2000,12833,8
n_8,sync,3,producer,0,1024,8,balanced,390,0,1007908708,386.93980606029254,0,2584381.3025641027,2584381.3025641027,2584381.3025641027,,,8
n_8,sync,3,consumer,0,1024,8,balanced,390,406475,1007861250,386.95802621640627,99.90414510955722,583083,36824375,60704666,1625,11667,8
n_8,sync,3,consumer,1,1024,8,balanced,390,404365,1007871792,386.9539787655849,99.90364541512767,582833,36828500,60731625,1625,12083,8
n_8,sync,3,consumer,2,1024,8,balanced,390,390076,1007861208,386.9580423418777,99.90011934457802,589875,36865625,60709375,1708,12417,8
n_8,sync,3,consumer,3,1024,8,balanced,390,393866,1007904792,386.94130943272665,99.9010795016436,588250,37225167,60711833,1708,12209,8
n_8,sync,3,consumer,4,1024,8,balanced,390,397523,1007857167,386.9595938488772,99.90198862565435,586792,36837291,60722458,1667,12167,8
n_8,sync,3,consumer,5,1024,8,balanced,390,431259,1007844708,386.96437745248346,99.90964881188188,595625,36826833,60741750,1583,11333,8
n_8,sync,3,consumer,6,1024,8,balanced,390,372001,1007874666,386.95287534888786,99.89527136799762,573583,36828792,60710500,1750,12709,8
n_8,sync,3,consumer,7,1024,8,balanced,390,370393,1007854459,386.9606335690181,99.89481718417511,587958,36815291,60729208,1917,12416,8
n_8,sync,4,producer,0,1024,8,balanced,386,0,1003869834,384.51200237978264,0,2600699.1580310883,2600699.1580310883,2600699.1580310883,,,8
n_8,sync,4,consumer,0,1024,8,balanced,386,414190,1003865041,384.513838250096,99.90689282544093,598125,52280583,70060583,1625,11625,8
n_8,sync,4,consumer,1,1024,8,balanced,386,369359,1003823000,384.52994203161313,99.89560372689286,597917,52273291,70062875,1791,13209,8
n_8,sync,4,consumer,2,1024,8,balanced,386,390894,1003838541,384.52398890311184,99.90134941729708,576750,52280750,70072458,1708,12292,8
n_8,sync,4,consumer,3,1024,8,balanced,386,385781,1003835292,384.52523344835737,99.90004324553885,585250,52263584,70022333,1750,12291,8
n_8,sync,4,consumer,4,1024,8,balanced,386,413321,1003831875,384.5265423555115,99.90669725191984,574750,52283375,70059291,1625,11750,8
n_8,sync,4,consumer,5,1024,8,balanced,386,400942,1003831250,384.52678176735384,99.90381931985807,596333,52288042,70047750,1667,12000,8
n_8,sync,4,consumer,6,1024,8,balanced,386,390030,1003837459,384.52440336757746,99.90113110118438,589792,52267667,70044958,1709,12250,8
n_8,sync,4,consumer,7,1024,8,balanced,386,353406,1003874750,384.5101194147975,99.89089634587555,586042,52261917,70065167,2000,12583,8
n_16,spmc,0,producer,0,1024,16,balanced,53510,5546459,989307584,54088.33497833572,99.0444589961123,244.302734375,4726104,9630250,83,167,8
n_16,spmc,0,consumer,0,1024,16,balanced,53510,1940179,1000776667,53468.472801634576,97.31603073498424,250,70700.74493927126,13154292,83,542,8
n_16,spmc,0,consumer,1,1024,16,balanced,54534,1946699,1000617083,54500.36874895129,97.27497997484551,250,61564.615234375,14912208,83,542,8
n_16,spmc,0,consumer,2,1024,16,balanced,54533,1936269,1000775625,54490.73562318227,97.26075219936487,291,77989.2578125,9584917,83,542,8
n_16,spmc,0,consumer,3,1024,16,balanced,54534,1934462,996289667,54737.09284189535,97.25821469726435,291,66431.314453125,1904667,83,542,8
n_16,spmc,0,consumer,4,1024,16,balanced,53510,1939909,1000734291,53470.73691911693,97.31566720293124,250,51020.669921875,11441479,83,542,8
n_16,spmc,0,consumer,5,1024,16,balanced,54533,1941051,997792791,54653.6319884075,97.26731623424521,250,59936.197265625,5546847.333333333,83,542,8
n_16,spmc,0,consumer,6,1024,16,balanced,53510,1937501,995506083,53751.555026911876,97.31242067472255,250,78630.20833333333,19383000,83,542,8
n_16,spmc,0,consumer,7,1024,16,balanced,53510,1926661,990742791,54009.98168857733,97.2977081272274,250,39059.244140625,16815708,84,542,8
n_16,spmc,0,consumer,8,1024,16,balanced,53510,1947829,1000670208,53474.16118937759,97.32629004881233,291,130928.29069767441,1615542,84,541,8
n_16,spmc,0,consumer,9,1024,16,balanced,53510,1946543,1000754875,53469.63710768834,97.32457089887117,260.375,59525.87890625,14911916,84,542,8
n_16,spmc,0,consumer,10,1024,16,balanced,53510,1911426,990630416,54016.10846562176,97.27675608773009,250,38700.033203125,19987000,83,542,8
n_16,spmc,0,consumer,11,1024,16,balanced,54534,1945562,1000712625,54495.165382769104,97.27343087531798,291,60283.935546875,1936000,83,542,8
n_16,spmc,0,consumer,12,1024,16,balanced,52495,1860443,978000458,53675.84398411396,97.25579187616117,250,35815.4296875,17568875,84,542,8
n_16,spmc,0,consumer,13,1024,16,balanced,53510,1947808,1000719750,53471.51387788639,97.32626199334639,250,62569.3359375,5637437.5,83,542,8
n_16,spmc,0,consumer,14,1024,16,balanced,53510,1920650,989011375,54104.534439758085,97.28948008266806,292,55135.091796875,964567.7083333334,84,542,8
n_16,spmc,0,consumer,15,1024,16,balanced,53510,1908955,989139125,54097.54669243318,97.27332716761828,260.5,41721.48987854251,11097959,84,542,8
n_16,spmc,1,producer,0,1024,16,balanced,49807,5831742,994268917,50094.09340712599,99.15316526309651,204.671875,14508375,14977750,83,167,8
n_16,spmc,1,consumer,0,1024,16,balanced,49807,1939905,994923833,50061.118598211324,97.49677340238185,292,64879.0703125,33621500,84,541,8
n_16,spmc,1,consumer,1,1024,16,balanced,49178,1952563,1005060000,48930.41211469962,97.5432386107893,250,67858.8046875,561479,83,542,8
n_16,spmc,1,consumer,2,1024,16,balanced,49807,1939215,1004643791,49576.77581466285,97.49590502266943,250,31231.607421875,26345708,83,542,8
n_16,spmc,1,consumer,3,1024,16,balanced,49807,1953831,1004766917,49570.70058468098,97.51417172163835,194.33333333333334,68001.138671875,12126208,83,541,8
n_16,spmc,1,consumer,4,1024,16,balanced,49807,1960082,1005099250,49554.310183795285,97.52190295085947,208,50156.412109375,26107000,84,542,8
n_16,spmc,1,consumer,5,1024,16,balanced,48783,1931268,994855833,49035.24549169528,97.5362755807805,209,46400.2265625,11260250,83,541,8
n_16,spmc,1,consumer,6,1024,16,balanced,49807,1957495,1004961000,49561.12724772404,97.51870919273732,250,44689.77734375,10339250,83,542,8
n_16,spmc,1,consumer,7,1024,16,balanced,49807,1946493,1004953583,49561.49303066866,97.50503431347994,291,50021.322265625,3224000,83,542,8
n_16,spmc,1,consumer,8,1024,16,balanced,49807,1921296,988450083,50388.98863646512,97.47314067301404,250,45037.271484375,36472875,84,542,8
n_16,spmc,1,consumer,9,1024,16,balanced,49807,1935124,994626042,50076.10689525863,97.49074401074898,208.4,52876.220703125,40864708,84,541,8
n_16,spmc,1,consumer,10,1024,16,balanced,49807,1926288,988048125,50409.48789817298,97.47952401073834,250,39005.6953125,24633083,84,541,8
n_16,spmc,1,consumer,11,1024,16,balanced,48783,1918560,988496417,49350.70998846119,97.52036121815057,250,50538.494140625,26143958,84,541,8
n_16,spmc,1,consumer,12,1024,16,balanced,49807,1959307,1005061666,49556.16325336997,97.52094704431904,223.9375,73183.513671875,5823875,83,542,8
n_16,spmc,1,consumer,13,1024,16,balanced,49807,1910134,988433708,50389.823411404745,97.45875003380203,291,28515.544921875,18438750,84,541,8
n_16,spmc,1,consumer,14,1024,16,balanced,48783,1918503,988614375,49344.82163482602,97.52028937327873,291,60644.693359375,1087611.0666666667,84,542,8
n_16,spmc,1,consumer,15,1024,16,balanced,49807,1960056,1004932083,49562.55337307208,97.52187089368778,209,26000,33621542,83,541,8
n_16,spmc,2,producer,0,1024,16,balanced,52234,5638840,1003028375,52076.293454808794,99.08217675609208,285.7265625,13029167,13523542,83,167,8
n_16,spmc,2,consumer,0,1024,16,balanced,53258,1925699,991601334,53709.08466325238,97.30878437479944,291,47933.10546875,1288732.142857143,84,542,8
n_16,spmc,2,consumer,1,1024,16,balanced,53258,1929558,991408667,53719.522304720784,97.31402207769153,209,53971.435546875,26891458,84,541,8
n_16,spmc,2,consumer,2,1024,16,balanced,51210,1940847,1003036583,51054.967354067085,97.42929042693056,291,39002.84765625,21883417,83,542,8
n_16,spmc,2,consumer,3,1024,16,balanced,52234,1953656,1002945666,52080.5879827193,97.39596887167292,250,52407.2265625,19530208,83,542,8
n_16,spmc,2,consumer,4,1024,16,balanced,51210,1914163,990569500,51697.53359052545,97.39438773199794,250,50722.25,14462333,84,542,8
n_16,spmc,2,consumer,5,1024,16,balanced,52233,1931087,997955125,52340.02881642599,97.36638565637416,271,65772.216796875,20359000,84,542,8
n_16,spmc,2,consumer,6,1024,16,balanced,52234,1932742,992488667,52629.3163204452,97.36853241550527,250,54657.552734375,19713875,84,541,8
n_16,spmc,2,consumer,7,1024,16,balanced,53258,1952498,1002878541,53105.13469247718,97.3447418330046,271,61456.13671875,8709167,84,542,8
n_16,spmc,2,consumer,8,1024,16,balanced,52234,1940687,1002957500,52079.97347843752,97.37902305209289,250,65730.548828125,24977125,84,542,8
n_16,spmc,2,consumer,9,1024,16,balanced,52234,1940108,996171792,52434.73105690991,97.378261362758,250,54665.93359375,19929792,83,541,8
n_16,spmc,2,consumer,10,1024,16,balanced,51210,1928020,994525041,51491.91612964123,97.4126301642558,291,40861.654296875,24840208,84,542,8
n_16,spmc,2,consumer,11,1024,16,balanced,52234,1953652,1002943834,52080.683114304884,97.39596367889301,291,39183.1875,2870908.4,84,542,8
n_16,spmc,2,consumer,12,1024,16,balanced,51210,1940547,1002870208,51063.437313714676,97.42890322464035,291,50406.25,381354.5,84,542,8
n_16,spmc,2,consumer,13,1024,16,balanced,52234,1933455,992857209,52609.78066786641,97.36947729478281,210.07291666666666,84639.2421875,24977208,83,542,8
n_16,spmc,2,consumer,14,1024,16,balanced,53258,1936864,996481959,53446.02530832171,97.32388265644015,271,43470.5390625,17662250,84,542,8
n_16,spmc,2,consumer,15,1024,16,balanced,52234,1920894,1002944333,52080.65720233747,97.3527312977161,229.25,58383.30078125,21544250,84,541,8
n_16,spmc,3,producer,0,1024,16,balanced,48207,5608094,1001108625,48153.61569779703,99.14772923152427,333,10089625,11663000,83,167,8
n_16,spmc,3,consumer,0,1024,16,balanced,47183,1934011,1001074250,47132.368053618404,97.61845634501215,250,38691.732421875,12285167,84,542,8
n_16,spmc,3,consumer,1,1024,16,balanced,49230,1925450,995574583,49448.83170043725,97.50693783296535,510.90625,3345717.923076923,15000375,84,542,8
n_16,spmc,3,consumer,2,1024,16,balanced,48207,1940496,1001129709,48152.60157262999,97.57595779761986,291,17435.791015625,17005000,84,542,8
n_16,spmc,3,consumer,3,1024,16,balanced,48207,1953794,1001001208,48158.783041148934,97.59205914482561,250,54622.314453125,17419292,83,541,8
n_16,spmc,3,consumer,4,1024,16,balanced,48573,1942342,995479208,48793.585651665366,97.56026751518773,291,44739.501953125,19184937.5,84,541,8
n_16,spmc,3,consumer,5,1024,16,balanced,49231,1928312,995522208,49452.43773004811,97.51049661119885,291,82391.927734375,16482458,84,542,8
n_16,spmc,3,consumer,6,1024,16,balanced,47183,1906945,991343166,47595.02220646771,97.58547034789942,250,53695.39453125,11523542,84,542,8
n_16,spmc,3,consumer,7,1024,16,balanced,48207,1925468,991127042,48638.56797078492,97.55750060166947,291,625,21720146,84,541,8
n_16,spmc,3,consumer,8,1024,16,balanced,48207,1953818,1001013250,48158.20370010087,97.59208801088897,291,53221.59765625,17594042,84,542,8
n_16,spmc,3,consumer,9,1024,16,balanced,48207,1953816,1001012500,48158.2397822205,97.59208560541013,250,60343.34375,10975208.5,83,542,8
n_16,spmc,3,consumer,10,1024,16,balanced,49231,1952789,1001010625,49181.2961525758,97.54093365700642,167,45478.435546875,15012333,83,541,8
n_16,spmc,3,consumer,11,1024,16,balanced,48207,1917621,991729417,48609.02497560986,97.54775087138854,291,51982.259765625,16011291,84,541,8
n_16,spmc,3,consumer,12,1024,16,balanced,48207,1947233,998233709,48292.29825177142,97.58414184340296,291,38147.052734375,9589708,83,542,8
n_16,spmc,3,consumer,13,1024,16,balanced,49230,1952789,1001010250,49180.315586179066,97.54098237828912,291,38082.11328125,16384917,84,542,8
n_16,spmc,3,consumer,14,1024,16,balanced,49231,1930294,991758542,49640.10685576732,97.5129892272136,291,40709.390625,43440083,84,542,8
n_16,spmc,3,consumer,15,1024,16,balanced,48206,1906232,995476042,48425.07299638257,97.53351091208829,250,43183.185546875,25721166,84,541,8
n_16,spmc,4,producer,0,1024,16,balanced,53092,5837746,991546916,53544.61714648709,99.09873603721576,270.8333333333333,15798708,21901666,83,167,8
n_16,spmc,4,consumer,0,1024,16,balanced,53092,1954021,1005014250,52827.111655382,97.35480762667574,291,38851.07421875,9914000,83,542,8
n_16,spmc,4,consumer,1,1024,16,balanced,53092,1924537,989776834,53640.37445232831,97.3153710832517,250,48127.9296875,3379292,84,542,8
n_16,spmc,4,consumer,2,1024,16,balanced,53092,1946249,1004881792,52834.07503516593,97.34452502099442,291,26097.16796875,21151459,84,541,8
n_16,spmc,4,consumer,3,1024,16,balanced,53092,1948431,1005013625,52827.144507617995,97.3474199397159,91.6,133406.25,4049500,83,541,8
n_16,spmc,4,consumer,4,1024,16,balanced,52330,1910839,997908000,52439.70386047612,97.33441186163799,250,58774.51764705883,28658709,83,542,8
n_16,spmc,4,consumer,5,1024,16,balanced,54116,1948475,1005021625,53845.607550981804,97.29770082857658,264,64283.26050420168,14820583,84,541,8
n_16,spmc,4,consumer,6,1024,16,balanced,53092,1929359,1005011250,52827.26934648742,97.32190102050441,270.875,83760.662109375,2762166.75,83,542,8
n_16,spmc,4,consumer,7,1024,16,balanced,53092,1922692,987892667,53742.68052948307,97.31286415924008,291,42981.93359375,17421083,83,542,8
n_16,spmc,4,consumer,8,1024,16,balanced,52972,1910855,998000333,53078.13860218421,97.30261372310291,250,55647.4609375,20708500,83,542,8
n_16,spmc,4,consumer,9,1024,16,balanced,53092,1946237,999665375,53109.77185740779,97.34450908279729,291,46244.22265625,27768083,83,541,8
n_16,spmc,4,consumer,10,1024,16,balanced,53092,1920910,1001247042,53025.87450740254,97.31043838861359,250,30993.408203125,32000166,83,541,8
n_16,spmc,4,consumer,11,1024,16,balanced,53092,1906220,979656958,54194.48059491045,97.29027332043084,291,50750,5858145.75,83,542,8
n_16,spmc,4,consumer,12,1024,16,balanced,53092,1956722,1005006875,52827.49931437036,97.35836251513823,291,42731.201171875,21477625,83,542,8
n_16,spmc,4,consumer,13,1024,16,balanced,54115,1948986,1001551250,54031.18412562512,97.29843877068605,250,40248.69921875,27772125,83,542,8
n_16,spmc,4,consumer,14,1024,16,balanced,52068,1924922,1004957458,51811.14840783639,97.36629927313744,250,45843.994140625,21231667,83,542,8
n_16,spmc,4,consumer,15,1024,16,balanced,54116,1929998,1004923959,53850.840668433106,97.27253575147395,167,53980.060546875,21315146,83,542,8
n_16,sync,0,producer,0,1024,16,balanced,22,0,1005043541,21.889598910421732,0,45683799.22727273,45683799.22727273,45683799.22727273,,,8
n_16,sync,0,consumer,0,1024,16,balanced,22,184331,1000481959,21.98940200979676,99.98806637266549,51861375,100277375,100277375,1834,12875,8
n_16,sync,0,consumer,1,1024,16,balanced,22,199162,998991417,22.022211227866837,99.98895493613945,51307042,119755292,119755292,1750,11875,8
n_16,sync,0,consumer,2,1024,16,balanced,22,171022,1004929333,21.892086615009774,99.98713781249269,50996917,111114208,111114208,2000,13208,8
n_16,sync,0,consumer,3,1024,16,balanced,22,200230,1000506083,21.98887180578991,99.98901384255838,50110250,111120333,111120333,1792,12041,8
n_16,sync,0,consumer,4,1024,16,balanced,22,189475,1005034417,21.88979763068154,99.98839031752482,50196167,126895375,126895375,1875,12709,8
n_16,sync,0,consumer,5,1024,16,balanced,22,205685,1004993583,21.89068703735196,99.98930517678056,52948875,128630667,128630667,1708,11666,8
n_16,sync,0,consumer,6,1024,16,balanced,22,167372,1000486375,21.989304951804066,99.98685735450495,50646334,112595708,112595708,2041,13250,8
n_16,sync,0,consumer,7,1024,16,balanced,22,174534,1004951709,21.89159917135879,99.98739659478908,53785875,118126209,118126209,2000,13292,8
n_16,sync,0,consumer,8,1024,16,balanced,22,197717,1000484625,21.989343414447774,99.98887422309205,49885083,111121334,111121334,1792,12000,8
n_16,sync,0,consumer,9,1024,16,balanced,22,176850,988346208,22.25940649331656,99.98756162648695,48432250,127127666,127127666,1958,13083,8
n_16,sync,0,consumer,10,1024,16,balanced,22,192408,1005017458,21.89016700643224,99.98856727121552,43874416,121145125,121145125,1792,12458,8
n_16,sync,0,consumer,11,1024,16,balanced,22,193240,1004948458,21.89166999050214,99.98861648953235,51255291,108765375,108765375,1792,12459,8
n_16,sync,0,consumer,12,1024,16,balanced,22,188611,1005003208,21.890477388406506,99.98833714143338,50214459,104209833,104209833,1792,12584,8
n_16,sync,0,consumer,13,1024,16,balanced,22,170935,1004959917,21.891420371943052,99.98713126692678,47355708,121143000,121143000,2125,13250,8
n_16,sync,0,consumer,14,1024,16,balanced,22,185960,999279875,22.015854166982,99.98817089825897,50098250,131279125,131279125,1875,12500,8
n_16,sync,0,consumer,15,1024,16,balanced,22,187237,1000948833,21.979145461474353,99.98825156601285,50622791,111113458,111113458,1833,12375,8
n_16,sync,1,producer,0,1024,16,balanced,15,0,1005014500,14.9251577962308,0,67000966.666666664,67000966.666666664,67000966.666666664,,,8
n_16,sync,1,consumer,0,1024,16,balanced,15,197919,985006417,15.228327187639023,99.99242171632969,67420000,113100875,113100875,1667,12125,8
n_16,sync,1,consumer,1,1024,16,balanced,15,200673,984665416,15.233600933131585,99.99252571155226,70418084,109209375,109209375,1666,12084,8
n_16,sync,1,consumer,2,1024,16,balanced,15,187754,994766125,15.078921188636173,99.99201146089078,61411750,113077333,113077333,1833,12708,8
n_16,sync,1,consumer,3,1024,16,balanced,15,183406,1005001291,14.925353961560235,99.99182209234493,69118833,109228875,109228875,1791,12708,8
n_16,sync,1,consumer,4,1024,16,balanced,15,220518,984697709,15.233101349685379,99.99319829685354,68018416,109231334,109231334,1583,11125,8
n_16,sync,1,consumer,5,1024,16,balanced,15,185843,1004943542,14.92621164582796,99.99192932238591,66286375,109243375,109243375,1833,12833,8
n_16,sync,1,consumer,6,1024,16,balanced,16,192033,1004927333,15.921549225092079,99.99166879286015,64531375,96187291,96187291,1875,12625,8
n_16,sync,1,consumer,7,1024,16,balanced,15,187876,1004943125,14.926217839442407,99.99201664795014,58897375,105822959,105822959,1833,12166,8
n_16,sync,1,consumer,8,1024,16,balanced,15,193289,994986209,15.075585836587209,99.99224020196168,62172959,99107875,99107875,1833,12375,8
n_16,sync,1,consumer,9,1024,16,balanced,15,177489,1004930459,14.926405967360573,99.99154948620877,61284458,102984083,102984083,1916,12917,8
n_16,sync,1,consumer,10,1024,16,balanced,15,180630,1004963333,14.925917700123692,99.99169642115751,72201625,112988000,112988000,1917,12750,8
n_16,sync,1,consumer,11,1024,16,balanced,15,188639,994744458,15.079249629757676,99.99204893614765,66698750,103007167,103007167,1834,12583,8
n_16,sync,1,consumer,12,1024,16,balanced,15,177316,994048958,15.089800033772582,99.99154124208401,71650208,105928667,105928667,1958,13041,8
n_16,sync,1,consumer,13,1024,16,balanced,15,168941,1004977167,14.925712237599523,99.99112194890978,66319041,112692041,112692041,2125,13750,8
n_16,sync,1,consumer,14,1024,16,balanced,15,180602,1004986125,14.925579196429204,99.99169513390213,66551458,103043333,103043333,1916,13000,8
n_16,sync,1,consumer,15,1024,16,balanced,15,191318,994940250,15.07628221895737,99.99216026508758,62389625,106953375,106953375,1792,12500,8
n_16,sync,2,producer,0,1024,16,balanced,17,0,1000727584,16.987640064891025,0,58866330.88235294,58866330.88235294,58866330.88235294,,,8
n_16,sync,2,consumer,0,1024,16,balanced,17,190815,1000645750,16.98902933430737,99.99109164081496,62961000,90018292,90018292,1750,12291,8
n_16,sync,2,consumer,1,1024,16,balanced,17,178585,993661917,17.108434678995554,99.99048162954503,53467084,89848166,89848166,1958,12833,8
n_16,sync,2,consumer,2,1024,16,balanced,17,189810,983712500,17.281471974789383,99.9910444773399,54993584,105429959,105429959,1834,12375,8
n_16,sync,2,consumer,3,1024,16,balanced,17,180849,1000677916,16.98848323539899,99.99060077626531,64629542,95640667,95640667,1916,12792,8
n_16,sync,2,consumer,4,1024,16,balanced,17,198584,980505667,17.3379926013217,99.99144012366503,63902708,95593292,95593292,1791,11792,8
n_16,sync,2,consumer,5,1024,16,balanced,17,181977,975689208,17.423581054921332,99.99065903271537,64637209,96137625,96137625,1833,12375,8
n_16,sync,2,consumer,6,1024,16,balanced,17,181603,1000707875,16.98797463745351,99.99063979737915,53466875,115601375,115601375,1917,12625,8
n_16,sync,2,consumer,7,1024,16,balanced,17,194762,1000706334,16.988000797444737,99.99127215972975,62352792,95120625,95120625,1833,12250,8
n_16,sync,2,consumer,8,1024,16,balanced,17,210721,1000684000,16.98837994811549,99.99193311125664,53809125,95504166,95504166,1667,11291,8
n_16,sync,2,consumer,9,1024,16,balanced,17,177709,990581625,17.161634711324268,99.99043471411049,58001833,95590042,95590042,2000,13208,8
n_16,sync,2,consumer,10,1024,16,balanced,17,177695,980646833,17.335496763899712,99.99043396056541,56767666,95597458,95597458,1958,13000,8
n_16,sync,2,consumer,11,1024,16,balanced,17,187670,990697250,17.159631764396238,99.99094236681283,54876667,105186833,105186833,1875,12625,8
n_16,sync,2,consumer,12,1024,16,balanced,17,176322,1000647875,16.988993255994274,99.9903594780508,58681334,95157209,95157209,2000,12834,8
n_16,sync,2,consumer,13,1024,16,balanced,17,162123,1000718417,16.98779567879183,99.98951523374862,52093041,115847708,115847708,2291,14333,8
n_16,sync,2,consumer,14,1024,16,balanced,17,182586,1000637083,16.98917648447774,99.99069018581294,53082125,113001125,113001125,1875,12792,8
n_16,sync,2,consumer,15,1024,16,balanced,17,178254,985161250,17.256058335627795,99.99046395656052,53901292,95610333,95610333,1917,12750,8
n_16,sync,3,producer,0,1024,16,balanced,45,0,1005050541,44.773867745224166,0,22334457.4,22334457.4,22334457.4,,,8
n_16,sync,3,consumer,0,1024,16,balanced,45,179285,1004964667,44.777693661940454,99.97490659677689,66049500,106163167,106163167,1917,12750,8
n_16,sync,3,consumer,1,1024,16,balanced,45,180070,994809750,45.23477981593968,99.97501596202426,64343833,126184166,126184166,1958,12833,8
n_16,sync,3,consumer,2,1024,16,balanced,45,195483,1001101500,44.950487038527065,99.97698539339635,63065375,127247084,127247084,1750,12167,8
n_16,sync,3,consumer,3,1024,16,balanced,45,199234,1004922459,44.779574381071725,99.97741859403149,64032667,109563792,109563792,1791,12041,8
n_16,sync,3,consumer,4,1024,16,balanced,45,183429,1004903459,44.78042104142066,99.97547336407338,64343750,101744875,101744875,1916,12875,8
n_16,sync,3,consumer,5,1024,16,balanced,45,193256,991106292,45.40380821232845,99.97672024459263,66302833,106687417,106687417,1791,12125,8
n_16,sync,3,consumer,6,1024,16,balanced,45,177045,1004958042,44.77798885060318,99.9745891919363,1333,102309542,102309542,2000,13125,8
n_16,sync,3,consumer,7,1024,16,balanced,45,187652,1004977750,44.77711073702876,99.9760251895342,65137875,115956625,115956625,2000,13083,8
n_16,sync,3,consumer,8,1024,16,balanced,45,188314,1005044541,44.77413504005093,99.97610945057045,1208,107402250,107402250,1792,12750,8
n_16,sync,3,consumer,9,1024,16,balanced,45,192341,994821792,45.23423226338009,99.97660952460159,62812833,124780750,124780750,1791,12209,8
n_16,sync,3,consumer,10,1024,16,balanced,45,191709,1001318125,44.940762457485725,99.97653243217873,66148625,126162125,126162125,1833,12166,8
n_16,sync,3,consumer,11,1024,16,balanced,45,189711,991002916,45.40854448908605,99.97628533485107,63030375,106150083,106150083,1791,12334,8
n_16,sync,3,consumer,12,1024,16,balanced,45,196467,1001244833,44.944052160716616,99.97710063507571,63184792,109718625,109718625,1750,12167,8
n_16,sync,3,consumer,13,1024,16,balanced,45,164191,994914125,45.23003430069907,99.97260040429626,68226166,105823916,105823916,2125,13625,8
n_16,sync,3,consumer,14,1024,16,balanced,45,170519,1004925667,44.779431432315086,99.97361694144134,67495708,105806459,105806459,2042,13083,8
n_16,sync,3,consumer,15,1024,16,balanced,45,191468,1004996791,44.77626237515021,99.97650290058638,1167,105840291,105840291,1792,12167,8
n_16,sync,4,producer,0,1024,16,balanced,30,0,1005065750,29.84879347445677,0,33502193.066666666,33502193.066666666,33502193.066666666,,,8
n_16,sync,4,consumer,0,1024,16,balanced,30,182913,999976459,30.00070624662575,99.98360144963185,65248458,152991250,152991250,1875,12667,8
n_16,sync,4,consumer,1,1024,16,balanced,29,187038,989822833,29.2981723932408,99.98449753296947,59304125,153610667,153610667,1875,12417,8
n_16,sync,4,consumer,2,1024,16,balanced,29,176100,987328334,29.372194640167187,99.98353479551919,56340208,173509208,173509208,1958,13000,8
n_16,sync,4,consumer,3,1024,16,balanced,29,189958,1004992375,28.855940324920375,99.98473579771247,15212458,151455042,151455042,1834,12167,8
n_16,sync,4,consumer,4,1024,16,balanced,30,176115,1004967875,29.85170048346073,99.98296857702461,46669667,152966875,152966875,1917,13250,8
n_16,sync,4,consumer,5,1024,16,balanced,30,178682,999936292,30.001911361769036,99.9832132145575,53638708,157312750,157312750,1917,12917,8
n_16,sync,4,consumer,6,1024,16,balanced,30,173339,1004990292,29.851034620740396,99.98269586835016,5033250,157432709,157432709,2000,12917,8
n_16,sync,4,consumer,7,1024,16,balanced,30,205787,989847791,30.3076900032199,99.98542394457212,52294125,152861917,152861917,1791,11667,8
n_16,sync,4,consumer,8,1024,16,balanced,29,177111,983171709,29.49637355767323,99.98362876820593,64230750,144809791,144809791,1958,12625,8
n_16,sync,4,consumer,9,1024,16,balanced,30,186013,1004984916,29.851194303895404,99.98387469563488,46834791,161563875,161563875,1958,12792,8
n_16,sync,4,consumer,10,1024,16,balanced,30,195614,991408458,30.259979888128008,99.98466602604731,48169084,148612125,148612125,1833,12334,8
n_16,sync,4,consumer,11,1024,16,balanced,30,189931,1005029000,29.8498849286936,99.98420728465317,15469750,157232250,157232250,1834,12542,8
n_16,sync,4,consumer,12,1024,16,balanced,30,181685,1000018875,29.99943376068777,99.98349063093306,54664875,163034417,163034417,1958,12834,8
n_16,sync,4,consumer,13,1024,16,balanced,30,163770,1005009125,29.85047523822234,99.98168498168498,45550500,162289292,162289292,2167,13833,8
n_16,sync,4,consumer,14,1024,16,balanced,30,186757,1004965166,29.851780952176803,99.9839389250858,45488833,163033250,163033250,1834,12959,8
n_16,sync,4,consumer,15,1024,16,balanced,30,196619,1000002375,29.999928750169218,99.98474439229287,58076250,152988791,152988791,1792,12375,8
payload_u64,spmc,0,producer,0,1024,4,balanced,1989223,6050667,1004986416,1979353.1219231922,75.25808188918008,541,709,1988875,84,250,8
payload_u64,spmc,0,consumer,0,1024,4,balanced,1988220,21752,1004986709,1978354.5217014407,1.0822041302067889,499.91796875,625,744000,500,542,8
payload_u64,spmc,0,consumer,1,1024,4,balanced,1988356,21612,1004984583,1978494.0322810903,1.0752409988616733,499.91796875,709,1395000,500,541,8
payload_u64,spmc,0,consumer,2,1024,4,balanced,1988220,21744,1004982583,1978362.6439225564,1.0818104204851429,499.91796875,584,740042,500,542,8
payload_u64,spmc,0,consumer,3,1024,4,balanced,1988387,21588,1004988125,1978517.90537326,1.0740432094926553,499.91796875,625,745541,500,541,8
payload_u64,spmc,1,producer,0,1024,4,balanced,1984229,6025440,1001208917,1981833.1282401073,75.22707867204001,541,750,2350459,125,250,8
payload_u64,spmc,1,consumer,0,1024,4,balanced,1983225,19199,1001212750,1980822.7572012043,0.958787949005805,499.91796875,667,97605.26315789473,500,542,8
payload_u64,spmc,1,consumer,1,1024,4,balanced,1983226,19199,1001213083,1980823.0971748098,0.9587874701923917,499.91796875,591.6,97607.47368421052,500,542,8
payload_u64,spmc,1,consumer,2,1024,4,balanced,1983225,19186,1001206209,1980835.698153366,0.9581449562552344,499.91796875,501.94099378881987,97263.15789473684,500,542,8
payload_u64,spmc,1,consumer,3,1024,4,balanced,1983225,19204,1001215291,1980817.730040042,0.9590352516868264,499.91796875,625,4909.505859375,500,542,8
payload_u64,spmc,2,producer,0,1024,4,balanced,1995620,6042025,1004706042,1986272.5181063458,75.17158321871644,541,750,2479416,84,209,8
payload_u64,spmc,2,consumer,0,1024,4,balanced,1994766,14648,1004707583,1985419.473040844,0.7289687441214204,499.91796875,625,5278.23828125,500,541,8
payload_u64,spmc,2,consumer,1,1024,4,balanced,1994604,14777,1004699417,1985274.3678858927,0.7354006034694266,499.91796875,500.244140625,4362.38671875,500,542,8
payload_u64,spmc,2,consumer,2,1024,4,balanced,1994621,14799,1004710625,1985269.1415500857,0.7364811736720048,499.91796875,583,4341.9609375,500,541,8
payload_u64,spmc,2,consumer,3,1024,4,balanced,1994620,14802,1004711625,1985266.1702804524,0.7366297373075442,499.91796875,583,5012.6953125,500,542,8
payload_u64,spmc,3,producer,0,1024,4,balanced,1984076,6022100,1000772167,1982545.1440637438,75.21818156383272,541,750,2741084,84,250,8
payload_u64,spmc,3,consumer,0,1024,4,balanced,1983073,18469,1000771583,1981544.074278536,0.9227385685636376,499.91796875,625,4852.5390625,500,541,8
payload_u64,spmc,3,consumer,1,1024,4,balanced,1983834,17704,1000769625,1982308.365923876,0.8845198042705159,499.91796875,500.1640625,1358000,500,542,8
payload_u64,spmc,3,consumer,2,1024,4,balanced,1983072,18453,1000763250,1981559.5746546448,0.921947015400757,499.837890625,667,1465042,500,541,8
payload_u64,spmc,3,consumer,3,1024,4,balanced,1983072,18464,1000768667,1981548.8487910463,0.9224915265076421,499.91796875,500.08203125,4852.45703125,500,542,8
payload_u64,spmc,4,producer,0,1024,4,balanced,1984531,6043588,1003515042,1977579.7242110497,75.28024933362349,541,709,3115708,125,250,8
payload_u64,spmc,4,consumer,0,1024,4,balanced,1983528,23510,1003519625,1976571.2105530573,1.1713779210956643,499.91796875,583,607958,500,542,8
payload_u64,spmc,4,consumer,1,1024,4,balanced,1983527,23520,1003524083,1976561.4334539094,1.171870912838613,499.91796875,666,2604042,500,542,8
payload_u64,spmc,4,consumer,2,1024,4,balanced,1983527,23519,1003523584,1976562.416294942,1.171821672248668,499.91796875,501.87109375,608000,500,542,8
payload_u64,spmc,4,consumer,3,1024,4,balanced,1984526,22518,1003522583,1977559.8811810696,1.1219484973921847,499.837890625,625,1081000,500,542,8
payload_u64,sync,0,producer,0,1024,4,balanced,15832,0,1004986750,15753.441525472848,0,62604.818359375,78019.44921875,78019.44921875,,,8
payload_u64,sync,0,consumer,0,1024,4,balanced,15832,1430513,1004992958,15753.344213980055,98.90537873052419,47792,221042,4016708,500,2458,8
payload_u64,sync,0,consumer,1,1024,4,balanced,15832,1517734,1004988583,15753.412792750105,98.96763491105045,47667,221750,4015959,417,2792,8
payload_u64,sync,0,consumer,2,1024,4,balanced,15832,1462981,1004984334,15753.479397023119,98.92941162946228,47834,221750,4010625,500,3000,8
payload_u64,sync,0,consumer,3,1024,4,balanced,15832,1742336,1004992875,15753.345515011735,99.09951722474759,47959,222042,4013209,458,1875,8
payload_u64,sync,1,producer,0,1024,4,balanced,14651,0,1004990958,14578.240613384703,0,69045.41015625,83603.70158730159,83603.70158730159,,,8
payload_u64,sync,1,consumer,0,1024,4,balanced,14651,1398889,1004994292,14578.192251066039,98.96352420164976,51458,229458,7050875,500,2459,8
payload_u64,sync,1,consumer,1,1024,4,balanced,14651,1473685,1004996416,14578.161440925975,99.0156120660926,51541,228167,7053334,417,2917,8
payload_u64,sync,1,consumer,2,1024,4,balanced,14651,1463389,1004995958,14578.168084532734,99.00875483748747,51666,229167,7053500,500,2958,8
payload_u64,sync,1,consumer,3,1024,4,balanced,14651,1747414,1004987416,14578.291993260142,99.1685323753664,51750,228000,7051792,458,1834,8
payload_u64,sync,2,producer,0,1024,4,balanced,15836,0,1002756250,15792.471999052612,0,62196.51680672269,78326.498046875,78326.498046875,,,8
payload_u64,sync,2,consumer,0,1024,4,balanced,15836,1434759,1002751250,15792.55074476347,98.90831003829463,45250,222167,4113875,500,2459,8
payload_u64,sync,2,consumer,1,1024,4,balanced,15836,1525076,1002747083,15792.61637203885,98.97229692545714,45375,222792,4112916,416,2750,8
payload_u64,sync,2,consumer,2,1024,4,balanced,15836,1450517,1002743209,15792.67738526265,98.92004176347714,45917,223250,4112375,500,3083,8
payload_u64,sync,2,consumer,3,1024,4,balanced,15836,1752027,1002749834,15792.573045691473,99.10422923043245,45417,224875,4111083,458,1834,8
payload_u64,sync,3,producer,0,1024,4,balanced,14288,0,1002798583,14248.12543836632,0,67269.369140625,99021.892578125,99021.892578125,,,8
payload_u64,sync,3,consumer,0,1024,4,balanced,14288,1418295,1002787875,14248.277583132924,99.0026406846933,46042,382542,4929000,500,2416,8
payload_u64,sync,3,consumer,1,1024,4,balanced,14288,1527927,1002790375,14248.242061557481,99.07354032997993,46042,378542,4912916,416,2750,8
payload_u64,sync,3,consumer,2,1024,4,balanced,14288,1465347,1002791375,14248.227852976897,99.03435644601541,46500,396250,4925792,500,2958,8
payload_u64,sync,3,consumer,3,1024,4,balanced,14288,1750612,1002794625,14248.181675285705,99.1904357187376,46292,367791,4911708,458,1833,8
payload_u64,sync,4,producer,0,1024,4,balanced,14763,0,1004984375,14689.780624698767,0,68040.609375,79412.435546875,79412.435546875,,,8
payload_u64,sync,4,consumer,0,1024,4,balanced,14763,1418898,1004983916,14689.787333870127,98.9702586594739,50292,246708,3871917,500,2458,8
payload_u64,sync,4,consumer,1,1024,4,balanced,14763,1518510,1004987209,14689.739200451853,99.03715776642515,50458,248333,3879875,417,2792,8
payload_u64,sync,4,consumer,2,1024,4,balanced,14763,1461194,1004982916,14689.801950822415,98.99976760840593,50625,247875,3871083,500,3000,8
payload_u64,sync,4,consumer,3,1024,4,balanced,14763,1742603,1004987959,14689.728237828569,99.1599359495973,50541,246042,3881708,458,1834,8
payload_u64x8,spmc,0,producer,0,1024,4,balanced,2000504,6039330,1004979500,1990591.8478934148,75.11759571155325,541,709,1812666,84,209,64
payload_u64x8,spmc,0,consumer,0,1024,4,balanced,1999490,10464,1004977583,1989586.6672281784,0.5206089293585824,499.91796875,500.080078125,4125.9765625,500,542,64
payload_u64x8,spmc,0,consumer,1,1024,4,balanced,1999490,10482,1004986584,1989568.8478165795,0.5214998019872913,499.91796875,500.08203125,3670.978515625,500,542,64
payload_u64x8,spmc,0,consumer,2,1024,4,balanced,2000450,9512,1004981625,1990533.906527893,0.473242777724156,499.91796875,708,3939.779296875,500,542,64
payload_u64x8,spmc,0,consumer,3,1024,4,balanced,1999489,10479,1004984583,1989571.8141578694,0.5213515837068053,499.91796875,500.162109375,3651.3671875,500,541,64
payload_u64x8,spmc,1,producer,0,1024,4,balanced,1967508,6033800,1000163834,1967185.7080966998,75.41017043713353,541,667,1612958,84,209,64
payload_u64x8,spmc,1,consumer,0,1024,4,balanced,1966495,33827,1000161584,1966177.2972076081,1.691077736484426,499.91796875,708,5210.205078125,500,542,64
payload_u64x8,spmc,1,consumer,1,1024,4,balanced,1967517,32822,1000170250,1967182.0872496457,1.6408218806912227,499.91796875,709,5199.30078125,500,542,64
payload_u64x8,spmc,1,consumer,2,1024,4,balanced,1966512,33817,1000165166,1966187.252716218,1.6905719009222984,499.91796875,709,6158.3671875,500,542,64
payload_u64x8,spmc,1,consumer,3,1024,4,balanced,1966495,33842,1000169125,1966162.4727717924,1.6918149291844324,499.91796875,667,6144.611328125,500,541,64
payload_u64x8,spmc,2,producer,0,1024,4,balanced,1986435,6030143,1002072542,1982326.5449778186,75.22091096724812,541,750,1493084,84,250,64
payload_u64x8,spmc,2,consumer,0,1024,4,balanced,1985420,18711,1002066083,1981326.4151761536,0.9336216045757487,499.91796875,579.5078125,650542,500,542,64
payload_u64x8,spmc,2,consumer,1,1024,4,balanced,1985420,18727,1002074083,1981310.5973722704,0.9344124956901864,499.91796875,501.05859375,650500,500,542,64
payload_u64x8,spmc,2,consumer,2,1024,4,balanced,1986293,17844,1002069084,1982191.6789122296,0.8903582938691318,499.91796875,625,650583,500,542,64
payload_u64x8,spmc,2,consumer,3,1024,4,balanced,1985420,18709,1002065208,1981328.1452637762,0.9335227422985247,499.91796875,542,650542,500,541,64
payload_u64x8,spmc,3,producer,0,1024,4,balanced,1983425,6016486,1000687417,1982062.4965448126,75.2069116768924,541,875,3521709,84,250,64
payload_u64x8,spmc,3,consumer,0,1024,4,balanced,1982739,18644,1000692209,1981367.4795983147,0.9315558291441468,499.91796875,667,3010500,500,542,64
payload_u64x8,spmc,3,consumer,1,1024,4,balanced,1982411,18975,1000693708,1981036.7389658855,0.9480929715707015,499.91796875,583,3490000,500,542,64
payload_u64x8,spmc,3,consumer,2,1024,4,balanced,1982410,18966,1000688709,1981045.6360410478,0.9476480181635036,499.91796875,502.44140625,3010500,500,542,64
payload_u64x8,spmc,3,consumer,3,1024,4,balanced,1982411,18958,1000685125,1981053.730562848,0.9472516062755044,499.91796875,750,7274.33203125,500,542,64
payload_u64x8,spmc,4,producer,0,1024,4,balanced,1998818,6041133,1004994333,1988884.846776544,75.13892808550699,541,750,1881792,125,209,64
payload_u64x8,spmc,4,consumer,0,1024,4,balanced,1997814,12168,1004991708,1987891.028450157,0.6053785556288563,499.91796875,667,14291,500,541,64
payload_u64x8,spmc,4,consumer,1,1024,4,balanced,1998554,11416,1004985750,1988639.1423958002,0.5679686761493953,499.91796875,625,3908.203125,500,542,64
payload_u64x8,spmc,4,consumer,2,1024,4,balanced,1997804,12177,1004991208,1987882.0671235165,0.6058266222417028,499.91796875,667,4056.640625,500,542,64
payload_u64x8,spmc,4,consumer,3,1024,4,balanced,1997805,12185,1004995584,1987874.4064212723,0.6062219215020971,499.91796875,500.1640625,3908.203125,500,542,64
payload_u64x8,sync,0,producer,0,1024,4,balanced,12717,0,1002528041,12684.931971892844,0,78676.67578125,101384.84765625,101384.84765625,,,64
payload_u64x8,sync,0,consumer,0,1024,4,balanced,12717,1404030,1002522375,12685.003663883312,99.10238031208112,52292,728167,4180542,541,2458,64
payload_u64x8,sync,0,consumer,1,1024,4,balanced,12717,1538514,1002519500,12685.040041615151,99.18019946739074,52250,728959,4184041,417,2667,64
payload_u64x8,sync,0,consumer,2,1024,4,balanced,12717,1500703,1002517708,12685.062716119126,99.15971772541661,52583,737417,4182959,500,2625,64
payload_u64x8,sync,0,consumer,3,1024,4,balanced,12717,1695451,1002524750,12684.973612870905,99.25551819258996,52334,709416,4184709,459,1833,64
payload_u64x8,sync,1,producer,0,1024,4,balanced,13171,0,1004998416,13105.493292638184,0,74566.244140625,103778.97265625,103778.97265625,,,64
payload_u64x8,sync,1,consumer,0,1024,4,balanced,13171,1410341,1004989625,13105.607931027149,99.07475314574096,52750,626709,4137958,541,2417,64
payload_u64x8,sync,1,consumer,1,1024,4,balanced,13171,1520618,1004988666,13105.620436917445,99.1412769292256,52875,619125,4138458,458,2708,64
payload_u64x8,sync,1,consumer,2,1024,4,balanced,13171,1515149,1004986083,13105.654120784477,99.13820404103852,53042,635125,4139208,459,2625,64
payload_u64x8,sync,1,consumer,3,1024,4,balanced,13171,1686099,1004990500,13105.596520564124,99.22490245811436,53083,626000,4139250,500,1875,64
payload_u64x8,sync,2,producer,0,1024,4,balanced,13099,0,1004998208,13033.854086235346,0,76729.41015625,95286.703125,95286.703125,,,64
payload_u64x8,sync,2,consumer,0,1024,4,balanced,13099,1409977,1004993375,13033.916765869228,99.07952913266755,54042,314583,4312334,541,2458,64
payload_u64x8,sync,2,consumer,1,1024,4,balanced,13099,1514625,1004997209,13033.867042311358,99.14258072793253,54083,314000,4312875,458,2750,64
payload_u64x8,sync,2,consumer,2,1024,4,balanced,13099,1504899,1005002500,13033.798423387007,99.1370871371372,54167,324042,4312084,459,2666,64
payload_u64x8,sync,2,consumer,3,1024,4,balanced,13099,1688605,1004999709,13033.834619747138,99.23024215727294,54334,312542,4311292,500,1834,64
payload_u64x8,sync,3,producer,0,1024,4,balanced,13256,0,1002891916,13217.77530411363,0,74267.822265625,94705.810546875,94705.810546875,,,64
payload_u64x8,sync,3,consumer,0,1024,4,balanced,13256,1408067,1002879292,13217.941686246324,99.06734781608402,52917,333333,4138417,541,2458,64
payload_u64x8,sync,3,consumer,1,1024,4,balanced,13256,1522235,1002883584,13217.885117960013,99.13669308384094,52958,325459,4132500,458,2667,64
payload_u64x8,sync,3,consumer,2,1024,4,balanced,13256,1515954,1002886291,13217.849440121621,99.13314718057036,52875,322750,4134875,459,2583,64
payload_u64x8,sync,3,consumer,3,1024,4,balanced,13256,1673111,1002887542,13217.832952201534,99.21393148703692,53042,316208,4139708,500,1875,64
payload_u64x8,sync,4,producer,0,1024,4,balanced,14867,0,1000501167,14859.552882460555,0,66570.8828125,84441.8125,84441.8125,,,64
payload_u64x8,sync,4,consumer,0,1024,4,balanced,14867,1212403,1000498875,14859.586923573503,98.78861212284176,49875,302125,2874875,625,2792,64
payload_u64x8,sync,4,consumer,1,1024,4,balanced,14867,1340805,1000494125,14859.65747175177,98.90334830253926,50541,306875,2872750,500,2959,64
payload_u64x8,sync,4,consumer,2,1024,4,balanced,14867,1377074,1000500041,14859.569605954668,98.93192312030466,50042,300708,2875000,500,3125,64
payload_u64x8,sync,4,consumer,3,1024,4,balanced,14867,1656650,1000499334,14859.580106427138,99.11056842377313,50000,302583,2873083,459,2000,64
